post_type,post_id,codice_electa,post_title,anno_opera,tax_materiali,misure_opera,tax_tipologia_opera,tax_tipo_opera,tax_subtipo_opera,esemplari_opera,file_immagine.jpg,id_import,codice_opera,post_status
catalogo,10014,1951-1952 3,Senza titolo / (Untitled),1951-1952,glazed polychrome ceramic ,60 x 20 cm,Sculptures,,,,1951-1952_3.jpg,14,14,publish
catalogo,10018,1953 9,Senza titolo / (Untitled),circa 1953 ,terracotta,25 x 15 x 7 cm   ,Sculptures,,,,1953_9.jpg,18,18,publish
catalogo,10020,1953 11,Senza titolo / (Untitled),circa 1953 ,terracotta,,Sculptures,,,,1953_11.jpg,20,20,publish
catalogo,10027,1951-1952 9,Senza titolo / (Untitled),1951-1952,glazed ceramic,"63 x 20,5 x 23 cm",Sculptures,,,,1951-1952_9.jpg,27,27,publish
catalogo,10034,1959-1960 13,Catenelle / (Little Chains),1959-1960,brass,,Sculptures,,,,1959-1960_13.jpg,34,34,publish
catalogo,10083,1951-1952 1,Kore ,1951-1952,glazed ceramic,h. 50 cm,Sculptures,,,,1951-1952_1.jpg,83,83,publish
catalogo,10084,1955 4,Senza titolo / (Untitled),circa 1955,terracotta,25 x 7 x 7 cm   ,Sculptures,,,,1955_4.jpg,84,84,publish
catalogo,10094,1960 1,Liù ,1960,brass and glass and bronze,"21 x 6 x 3,5 cm",Sculptures,,,,1960_1.jpg,94,94,publish
catalogo,10138,1955-1956 5,Kore ,1955-1956,glazed ceramic,h. 108 cm ,Sculptures,,,,1955-1956_5.jpg,138,138,publish
catalogo,10161,1955-1956 11,Kore ,1955-1956,glazed polychrome ceramic ,"43,5 x 9 x 6,5 cm",Sculptures,,,,1955-1956_11.jpg,161,161,publish
catalogo,10174,1959 5,Senza titolo / (Untitled),circa 1959,brass,50 x 20 cm,Sculptures,,,,1959_5.jpg,174,174,publish
catalogo,10192,1955-1956 4,Kore ,1955-1956 ,glazed ceramic,h. 101 cm,Sculptures,,,,1955-1956_4.jpg,192,192,publish
catalogo,10194,1959 6,Senza titolo / (Untitled),circa 1959,brass,35 x 15 cm,Sculptures,,,,1959_6.jpg,194,194,publish
catalogo,10204,1955-1956 7,Kore ,1955-1956,glazed ceramic,h. 103 cm,Sculptures,,,,1955-1956_7.jpg,204,204,publish
catalogo,10212,1959 7,Senza titolo / (Untitled),circa 1959 ,brass,40 x 20 cm,Sculptures,,,,1959_7.jpg,212,212,publish
catalogo,10216,1959-1960 2,Senza titolo - Tre cerchi / (Untitled - Three Circles),1959-1960,brass,37 x 16 cm,Sculptures,,,,1959-1960_2.jpg,216,216,publish
catalogo,10242,1960 9,Uomini superuomini dei / (Men Supermen Gods),1960,brass,,Sculptures,,,,1960_9.jpg,242,242,publish
catalogo,10243,1953 10,Senza titolo / (Untitled),circa 1953,terracotta,"24,8 x 6,5 x 8 cm",Sculptures,,,,1953_10.jpg,243,243,publish
catalogo,10262,1959-1960 14,Senza titolo - Tre cerchi / (Untitled - Three Circles),1959-1960,brass,45 x 13 x 9 cm,Sculptures,,,,1959-1960_14.jpg,262,262,publish
catalogo,10300,1955 9,Kore ,circa 1955,glazed ceramic,h. 101 cm,Sculptures,,,,1955_9.jpg,300,300,publish
catalogo,10380,1959-1960 1,Pendolo / (Pendulum),1959-1960,brass (prototype),16 x 16 x 4 cm,Sculptures,,,   ,1959-1960_1.jpg,380,380,publish
catalogo,10381,1959-1960 4,Pendolo / (Pendulum),1959-1960,brass and glazed ceramic,35 x 11 x 7 cm,Sculptures,,,,1959-1960_4.jpg,381,381,publish
catalogo,10397,1959-1960 3,Senza titolo - Tre cerchi / (Untitled - Three Circles),1959-1960,brass,"37 x 17,5 x 12 cm",Sculptures,,,,1959-1960_3.jpg,397,397,publish
catalogo,10418,1955 12,Kore ,circa 1955,glazed ceramic,h. 101 cm,Sculptures,,,,1955_12.jpg,418,418,publish
catalogo,10484,1959 4,Senza titolo / (Untitled),circa 1959,brass,50 x 13 x 10 cm,Sculptures,,,,1959_4.jpg,484,484,publish
catalogo,10558,1951-1952 6,Senza titolo / (Untitled),1951-1952,glazed polychrome ceramic,62 x 16 x 16 cm,Sculptures,,,,1951-1952_6.jpg,558,558,publish
catalogo,10576,1953 4,Senza titolo / (Untitled),circa 1953,terracotta,"26 x 7,5 cm",Sculptures,,,,1953_4.jpg,576,576,publish
catalogo,10577,1955-1956 10,Kore ,1955-1956,glazed ceramic,h. 101 cm,Sculptures,,,,1955-1956_10.jpg,577,577,publish
catalogo,10593,1954 5,Kore ,1954,terracotta,"45 x 9,8 x 8 cm",Sculptures,,,,1954_5.jpg,593,593,publish
catalogo,10598,1959 10,Meditazione teologica / (Theological Meditation),circa 1959,painted terracotta and brass,42 x 30 x 16 cm,Little Theatres,,,,1959_10.jpg,598,598,publish
catalogo,10614,1959-1960 9,Catenelle / (Little Chains),1959-1960,brass,60 cm,Sculptures,,,,1959-1960_9.jpg,614,614,publish
catalogo,10655,1959-1960 8,Catenelle / (Little Chains),1959-1960,brass,"58 x 17,5 x 12,3 cm",Sculptures,,,,1959-1960_8.jpg,655,655,publish
catalogo,10684,1953 6,Kore ,circa 1953,terracotta,h. 23 cm,Sculptures,,,,1953_6.jpg,684,684,publish
catalogo,10685,1953 8,Senza titolo / (Untitled),circa 1953,terracotta,23 x 7 x 7 cm   ,Sculptures,,,,1953_8.jpg,685,685,publish
catalogo,10715,1959-1960 7,Catenelle / (Little Chains),1959-1960,brass,h. 61 cm,Sculptures,,, ,1959-1960_7.jpg,715,715,publish
catalogo,10723,1953 5,Kore ,circa 1953,terracotta,h. 23 cm,Sculptures,,,,1953_5.jpg,723,723,publish
catalogo,10728,1955-1956 6,Kore ,1955-1956,glazed ceramic,101 x 34 cm,Sculptures,,,,1955-1956_6.jpg,728,728,publish
catalogo,10729,1960 10,La casa dell'orologiaio / (The Clockmaker's House),1960,brass,"113,5 x 37,7 x 16,4 cm",Sculptures,,,,1960_10.jpg,729,729,publish
catalogo,10763,1959-1960 11,Catenelle / (Little Chains),1959-1960,brass,59 x 12 x 8 cm,Sculptures,,,,1959-1960_11.jpg,763,763,publish
catalogo,10804,1959-1960 12,Catenelle / (Little Chains),1959-1960,brass,"57 x 11,5 x 8,5 cm",Sculptures,,,,1959-1960_12.jpg,804,804,publish
catalogo,10828,1960 8,Uomini e superuomini / (Men and Supermen),1960,brass,87 x 25 x 8 cm,Sculptures,,, ,1960_8.jpg,828,828,publish
catalogo,10831,1959 1,I gessetti / (The Chalks),1959,painted terracotta and painted clay,46 x 37 x 20 cm,Little Theatres,,,,1959_1.jpg,831,831,publish
catalogo,10872,1959-1960 10,Equilibri / (Balances),1959-1960,brass and glazed ceramic,85 x 45 x 46 cm,Sculptures,,,,1959-1960_10.jpg,872,872,publish
catalogo,10879,1960 2,Le mele e il sole / (The Apples and the Sun),1960,brass,52 x 15 x 12 cm,Sculptures,,,,1960_2.jpg,879,879,publish
catalogo,10881,1960 3,Senza titolo / (Untitled),1960,brass,35 x 15 x 8 cm,Sculptures,,,,1960_3.jpg,881,881,publish
catalogo,10894,1959 11,Il carro dei rabdomanti / (The Cart of Water Diviners),circa 1959,brass ,35 x 25 x 11 cm,Sculptures,,,,1959_11.jpg,894,894,publish
catalogo,11002,1960 6,L'amico leone / (The Lion Friend),1960,brass,32 x 73 x 25 cm,Sculptures,,,   ,1960_6.jpg,1002,1002,publish
catalogo,11003,1955 8,Kore ,circa 1955,glazed ceramic,103 x 24 x 20 cm,Sculptures,,,,1955_8.jpg,1003,1003,publish
catalogo,11011,1960 7,L'albero di Don Giovanni / (The Don Giovanni Tree),1960,brass,90 x 26 x 9 cm,Sculptures,,,,1960_7.jpg,1011,1011,publish
catalogo,11019,1958 1,Il sonno di Wotan / (Wotan's Sleep),1958,painted terracotta and brass,"52,8 x 39,2 x 11 cm",Little Theatres,,,,1958_1.jpg,1019,1019,publish
catalogo,11037,1951 8,Edicola Achille (L'angelo dell'Apocalisse) / Achilles Aedicule (The Angel of the Apocalypse),1951,green patina bronze casting ,220 cm,Sculptures,,, ,1951_8.jpg,1037,1037,publish
catalogo,11067,1953 7,Senza titolo / (Untitled),circa 1953,terracotta,"23 x Ø 6,5 cm",Sculptures,,,,1953_7.jpg,1067,1067,publish
catalogo,11068,1953 13,Senza titolo / (Untitled),circa 1953,terracotta,23 cm,Sculptures,,,,1953_13.jpg,1068,1068,publish
catalogo,11069,1954 3,Kore ,1954,terracotta,45 x 12 x 8 cm,Sculptures,,,,1954_3.jpg,1069,1069,publish
catalogo,11076,1952 1,Gli eresiarchi e i vescovi santi / (The Heretics and the Holy Bishops),1952,painted terracotta,"40,5 x 27 x 7 cm",Little Theatres,/ ,,,1952_1.jpg,1076,1076,publish
catalogo,11088,1951-1952 10,Senza titolo / (Untitled),1951-1952,ceramic,h. 38 cm,Sculptures,,,,1951-1952_10.jpg,1088,1088,publish
catalogo,11123,1955 1,La cantante / (The Singer Girl),1955,plaster,94 x 58 x 32 cm,Sculptures,,,,1955_1.jpg,1123,1123,publish
catalogo,11189,1955 2,Confessione / (Confession),1955,plaster,99 x 54 x 31 cm,Sculptures,,,,1955_2.jpg,1189,1189,publish
catalogo,11192,1960 12,I Sette Savi / (The Seven Sages),1960,plaster (prototype),44 x 10 x 5 cm (each element),Sculptures,,,,1960_12.jpg,1192,1192,publish
catalogo,11244,1955 3,Senza titolo / (Untitled),circa 1955,terracotta,23 x 7 x 7 cm   ,Sculptures,,,,1955_3.jpg,1244,1244,publish
catalogo,11245,1955 5,Senza titolo / (Untitled),circa 1955,terracotta,30 x 20 x 5 cm (first element) ; 23 x 10 x 7 cm (second element)   ,Sculptures,,,,1955_5.jpg,1245,1245,publish
catalogo,11251,1960 11,Il magazzino delle idee / (The Warehouse of Ideas),1960,brass and bronze,"105,7 x 34 x 13,7 cm ",Sculptures,,,,1960_11.jpg,1251,1251,publish
catalogo,11265,1951-1952 4,Senza titolo / (Untitled),1951-1952,glazed polychrome ceramic,65 x 20 x 17 cm,Sculptures,,,,1951-1952_4.jpg,1265,1265,publish
catalogo,11284,1959 9,La grande pigrizia / (The Great Sloth),circa 1959,"painted terracotta, brass and glazed ceramic","57,2 x 31,7 x 13 cm",Little Theaters,,,,1959_9.jpg,1284,1284,publish
catalogo,11290,1960 5,Pavane pour des enfants défunts / (Pavane for Dead Children),1960,brass and bronze ,101 x 63 x 36 cm ,Sculptures,,,,1960_5.jpg,1290,1290,publish
catalogo,11294,1955 6,Senza titolo / (Untitled),circa 1955,glazed polychrome ceramic,64 x 29 x 29 cm,Sculptures,,,,1955_6.jpg,1294,1294,publish
catalogo,11295,1955 7,Senza titolo / (Untitled),circa 1955,glazed polychrome ceramic,79 x 25 x 25 cm,Sculptures,,,,1955_7.jpg,1295,1295,publish
catalogo,11298,1957 3,Paradiso / (Paradise),1957,painted terracotta,36 x 29 x 9 cm,Little Theaters,,,   ,1957_3.jpg,1298,1298,publish
catalogo,11299,1959 2,Meditazione domestica / (Domestic Meditation),1959,"painted terracotta, brass and glazed ceramic","45,8 x 41,3 x 15,5 cm",Little Theaters,,, ,1959_2.jpg,1299,1299,publish
catalogo,11300,1959 12,Il carro dei rabdomanti / (The Cart of Water Diviners),circa 1959 (1965),brass and glazed ceramic,130 x 72 x 32 cm,Sculptures,,,,1959_12.jpg,1300,1300,publish
catalogo,11301,1960 13,I Sette Savi / (The Seven Sages),1960,Viggiù stone ,220 x 55 x 31 cm (each element),Sculptures,,,,1960_13.jpg,1301,1301,publish
catalogo,11389,1954 9,Epilogo / (Epilogue),1954,painted terracotta,"40,3 x 27,7 x 8 cm",Little Theaters,,,,1954_9.jpg,1389,1389,publish
catalogo,11450,1956 1B,Senza titolo / (Untitled),circa 1956,plaster and mixed media,44 x 67 cm,bas reliefs,plaster / others,, ,1956_1B.jpg,1450,1450,publish
catalogo,11461,1957 1B,Senza titolo / (Untitled),circa 1957,plaster and mixed media,55 x 55 cm,bas reliefs,plaster / others,,,1957_1B.jpg,1461,1461,publish
catalogo,11469,1959 3B,Acrobati / (Acrobats),circa 1959,glazed polychrome ceramic,"24 x 32 x 5,5 cm",bas reliefs,ceramic,,,1959_3B.jpg,1469,1469,publish
catalogo,11470,1959 6B,Senza titolo / (Untitled),circa 1959,glazed polychrome ceramic,57 x 38  cm,bas reliefs,ceramic,,,1959_6B.jpg,1470,1470,publish
catalogo,11471,1959 7B,Senza titolo / (Untitled),circa 1959,glazed ceramic,"38,5 x 83 cm",bas reliefs,ceramic,,,1959_7B.jpg,1471,1471,publish
catalogo,11474,1954 1B,Senza titolo / (Untitled),circa 1954,plaster and mixed media,"39,5 x 65 cm",bas reliefs,plaster / others,,,1954_1B.jpg,1474,1474,publish
catalogo,11477,1952 1B,Idillio / (Idyll),circa 1952,terracotta,49 x 114 cm,bas reliefs,plaster / others,,,1952_1B.jpg,1477,1477,publish
catalogo,11479,1958 5B,Senza titolo / (Untitled),circa 1958,painted clay,"48 x 77,5 cm",bas reliefs,plaster / others,,,1958_5B.jpg,1479,1479,publish
catalogo,11484,1957 3B,Senza titolo / (Untitled),circa 1957,plaster and mixed media,41 x 61 cm,bas reliefs,plaster / others,,,1957_3B.jpg,1484,1484,publish
catalogo,11498,1959 5B,Senza titolo / (Untitled),circa 1959,glazed ceramic,36 x 60 x 7 cm,bas reliefs,ceramic,,,1959_5B.jpg,1498,1498,publish
catalogo,11500,1959 1B,Senza titolo / (Untitled),circa 1959,glazed polychrome ceramic,60 x 111 x 4 cm,bas reliefs,ceramic,,,1959_1B.jpg,1500,1500,publish
catalogo,11672,1958 2B,Il nuoto silenzioso / (The Silent Swimming),1958,"plaster, mixed media and straw",50 x 70 cm,bas reliefs,plaster / others,,,1958_2B.jpg,1672,1672,publish
catalogo,11799,1958 4B,Senza titolo / (Untitled),circa 1958,painted clay,"32,9 x 48,6 x 3,7 cm",bas reliefs,plaster / others,,,1958_4B.jpg,1799,1799,publish
catalogo,11801,1955 4B,Senza titolo / (Untitled),circa 1955,plaste and mixed media,37 x 63 x 3 cm ,bas reliefs,plaster / others,,,1955_4B.jpg,1801,1801,publish
catalogo,11802,1955 5B,Senza titolo / (Untitled),circa 1955,plaster and mixed media,40 x 65 cm,bas reliefs,plaster / others,,,1955_5B.jpg,1802,1802,publish
catalogo,11804,1952 4B,Senza titolo / (Untitled),circa 1952,glazed polychrome ceramic,47 x 86 x 6 cm,bas reliefs,ceramic,,,1952_4B.jpg,1804,1804,publish
catalogo,11808,1955 6B,Senza titolo / (Untitled),circa 1955,plaster and mixed media,"42,5 x 59,5 cm",bas reliefs,plaster / others,,,1955_6B.jpg,1808,1808,publish
catalogo,11813,1955 3B,Senza titolo / (Untitled),1955,plaster and mixed media,40 x 63 cm,bas reliefs,plaster / others,,,1955_3B.jpg,1813,1813,publish
catalogo,11815,1954 3B,Senza titolo / (Untitled),circa 1954,plaster and mixed media,48 x 63 cm,bas reliefs,plaster / others,,,1954_3B.jpg,1815,1815,publish
catalogo,11819,1955 7B,Senza titolo / (Untitled),circa 1955,plaster and mixed media,41 x 53 cm,bas reliefs,plaster / others,,,1955_7B.jpg,1819,1819,publish
catalogo,11827,1957 2B,In tram al tramonto / (On Tram at Sunset),circa 1957,plaster and mixed media,41 x 61 cm,bas reliefs,plaster / others,,,1957_2B.jpg,1827,1827,publish
catalogo,11828,1958 1B,Il pasto degli uccelli - gli uccelli affamati / (Birds' Meal - The Starving Birds),1958,"plaster, mixed media, wood and brass",35 x 65 cm,bas reliefs,plaster / others,,,1958_1B.jpg,1828,1828,publish
catalogo,11829,1959 2B,Senza titolo / (Untitled),circa 1959,glazed polychrome ceramic,66 x 38 x 4 cm,bas reliefs,ceramic,,,1959_2B.jpg,1829,1829,publish
catalogo,11936,1960 17,I Sette Savi (un elemento) - La disputa dei sette Savi di Atene / The Seven Sages (One element) - The Debate of Athens' Seven Sages ,1960,silver,"42,8 x 9,5 x 4 cm",Sculptures,,,1 AP,1960_17.jpg,1936,1936,publish
catalogo,11938,1959-1960 15,Senza titolo / (Untitled),1959-1960,brass and glazed ceramic,34 x 11 cm,Sculptures,,,,1959-1960_15.jpg,1938,1938,publish
catalogo,11957,1955 10,Senza titolo / (Untitled),circa 1955 ,glazed polychrome ceramic ,"42,5 x 15 x 14 cm",Sculptures,,,,1955_10.jpg,1957,1957,publish
catalogo,11959,1958-1959 1,Kore ,1958-1959,glazed ceramic,102 x 23 x 20 cm,Sculptures,,,,1958-1959_1.jpg,1959,1959,publish
catalogo,11963,1955 8B,Senza titolo / (Untitled),circa 1955 ,glazed polychrome ceramic ,"40,5 x 51,5 cm",bas reliefs,ceramic,,,1955_8B.jpg,1963,1963,publish
catalogo,11965,1957 4B,Senza titolo / (Untitled),circa 1957 ,glazed ceramic,36 x 50 cm,bas reliefs,ceramic,,,1957_4B.jpg,1965,1965,publish
catalogo,11966,1953 2B,Senza titolo / (Untitled),circa 1953,glazed polychrome ceramic,"45 x 73,5 cm",bas reliefs,ceramic,,,1953_2B.jpg,1966,1966,publish
catalogo,11967,1959 17B,Senza titolo / (Untitled),circa 1959,glazed polychrome ceramic,"40,5 x 60,5 x 6 cm",bas reliefs,ceramic,,,1959_17B.jpg,1967,1967,publish
catalogo,11968,1958 8B,Senza titolo / (Untitled),circa 1958,glazed polychrome ceramic,52 x 41 x 3 cm,bas reliefs,ceramic,,,1958_8B.jpg,1968,1968,publish
catalogo,11971,1955 11B,Senza titolo / (Untitled),circa 1955,glazed polychrome ceramic,"40 x 51,5 x 3,5 cm",bas reliefs,ceramic,,,1955_11B.jpg,1971,1971,publish
catalogo,11973,1959 9B,Senza titolo / (Untitled),circa 1959,glazed polychrome ceramic,51 x 70 cm,bas reliefs,ceramic,,,1959_9B.jpg,1973,1973,publish
catalogo,11976,1958 9B ,Senza titolo / (Untitled),circa 1958,glazed polychrome ceramic,"45 x 60,5 cm",bas reliefs,ceramic,,,1958_9B_.jpg,1976,1976,publish
catalogo,11977,1958 10B,Senza titolo / (Untitled),circa 1958,glazed polychrome ceramic,37 x 57 cm,bas reliefs,ceramic,,,1958_10B.jpg,1977,1977,publish
catalogo,11978,1959 18B,Senza titolo / (Untitled),circa 1959,glazed polychrome ceramic,51 x 69 cm,bas reliefs,ceramic,,,1959_18B.jpg,1978,1978,publish
catalogo,11979,1955 12B,Senza titolo / (Untitled),circa 1955,glazed polychrome ceramic,40 x 66 cm,bas reliefs,ceramic,,,1955_12B.jpg,1979,1979,publish
catalogo,11981,1959 15B,Senza titolo / (Untitled),circa 1959,glazed polychrome ceramic,57 x 37 cm,bas reliefs,ceramic,,,1959_15B.jpg,1981,1981,publish
catalogo,11995,PI 004,Senza titolo / (Untitled),circa 1958 ,glazed polychrome ceramic,50 x 70 cm,bas reliefs,ceramic,,,PI_004.jpg,1995,1995,publish
catalogo,11997,PI 009,Senza titolo / (Untitled),circa 1958,glazed polychrome ceramic,51 x 70 cm,bas reliefs,ceramic,,,PI_009.jpg,1997,1997,publish
catalogo,11999,PI 011,Senza titolo / (Untitled),circa 1958 ,glazed polychrome ceramic,50 x 70 cm,bas reliefs,ceramic,,,PI_011.jpg,1999,1999,publish
catalogo,12000,PI 023,Senza titolo / (Untitled),circa 1958,glazed polychrome ceramic,47 x 47 cm,bas reliefs,ceramic,,,PI_023.jpg,2000,2000,publish
catalogo,12004,PI 016,Senza titolo / (Untitled),circa 1955,glazed polychrome ceramic,40 x 50 cm,bas reliefs,ceramic,,,PI_016.jpg,2004,2004,publish
catalogo,12005,1955 22B,Senza titolo / (Untitled),circa 1955,glazed polychrome ceramic,"33 x 46,5 cm",bas reliefs,ceramic,,,1955_22B.jpg,2005,2005,publish
catalogo,12051,1955-1956 13,Kore ,1955-1956,glazed ceramic,107 x 30 x 22 cm,Sculptures,,,,1955-1956_13.jpg,2051,2051,publish
catalogo,12066,TE 012,Servizio da tè / (Tea Set),circa 1950,glazed polychrome ceramic,5 x Ø 12 cm (with the handle),ceramics,coffee and tea set,,,TE_012.jpg,2066,2066,publish
catalogo,12092,TAV 50 002,Tavolo / (Table),circa 1950,glazed ceramic and wood,"70 x 58,7 x 70 cm",ceramics,others,,,TAV_50_002.jpg,2092,2092,publish
catalogo,12097,1954 13,Cavallo e cavaliere / (Horse and Cavalier),circa 1954,glazed ceramic,"26 x 13,5 x 7 cm",sculptures,,,,1954_13.jpg,2097,2097,publish
catalogo,12099,BE 083,Pesce / (Fish),circa 1954,glazed polychrome ceramic and glass,26 x 34 cm,ceramics,animals,,,BE_083.jpg,2099,2099,publish
catalogo,12101,PA 3,Vaso pavone / (Peacock Vase),circa 1954,glazed polychrome ceramic,60 x 76 x 33 cm,ceramics,vases,peacock vase,,PA_3.jpg,2101,2101,publish
catalogo,12102,PA 19,Vaso pavone / (Peacock Vase) ,circa 1954,glazed polychrome ceramic,46 x 52 x 33 cm,ceramics,vases,peacock vase,   ,PA_19.jpg,2102,2102,publish
catalogo,12106,ASP 001,Angelo / (Angel),circa 1954,glazed polychrome ceramic,"35,5 x 25,5 x 5,5 cm",ceramics,sacred,,,ASP_001.jpg,2106,2106,publish
catalogo,12107,TE 013,Servizio da tè / (Tea Set),circa 1950,glazed polychrome ceramic,5 x Ø 12 cm (with the handle),ceramics,coffee and tea set,,,TE_013.jpg,2107,2107,publish
catalogo,12108,TE 011,Servizio da tè / (Tea Set),circa 1950,glazed polychrome ceramic,"4,5 x Ø 13 cm (with the handle)",ceramics,coffee and tea set,,,TE_011.jpg,2108,2108,publish
catalogo,12110,ONU 001,Bambini / (Children),circa 1951,glazed ceramic,17 x 13 x 7 cm,ceramics,Onu,,,ONU_001.jpg,2110,2110,publish
catalogo,12111,BE 081,Cavallino / (Little Horse),circa 1951,glazed ceramic,21 x 20 x 9 cm,ceramics,animals,,,BE_081.jpg,2111,2111,publish
catalogo,12122,1955 11,Kore ,circa 1955,glazed polychrome ceramic,107 x 33 x 27 cm,sculptures,,,,1955_11.jpg,2122,2122,publish
catalogo,12128,VA 160,Vaso / (Vase),circa 1952,glazed polychrome ceramic,18 x 18 x 11 cm,ceramics,Vases,Chinese vase,,VA_160.jpg,2128,2128,publish
catalogo,12132,VA 109,Gallo / (Rooster),circa 1955,glazed polychrome ceramic,72 x 34 x 25 cm,ceramics,Vases,double egg rooster vase with variations ,,VA_109.jpg,2132,2132,publish
catalogo,12133,VA 105,Vaso / (Vase),circa 1952,glazed polychrome ceramic,"43 x 21,5 x 14 cm",ceramics,Vases,double egg vase and two cones,,VA_105.jpg,2133,2133,publish
catalogo,12159,VA 009,Vaso / (Vase),circa 1955,glazed polychrome ceramic,h. 39 cm,ceramics,Vases,hourglass vase,,VA_009.jpg,2159,2159,publish
catalogo,12160,VA 010,Vaso / (Vase),circa 1955,glazed polychrome ceramic,h. 29 cm,ceramics,Vases,moon vase,,VA_010.jpg,2160,2160,publish
catalogo,12179,VA 026,Vaso / (Vase),circa 1955,glazed polychrome ceramic,h. 38 x Ø 12 cm,ceramics,Vases,tube vase,,VA_026.jpg,2179,2179,publish
catalogo,12200,PA 2,Vaso pavone / (Peacock Vase),circa 1950,glazed polychrome ceramic ,"28,5 x 45,5 x 42,8 cm",ceramics,Vases,peacock vase,,PA_2.jpg,2200,2200,publish
catalogo,12203,CC 1,Coppa / (Bowl),circa 1950,glazed polychrome ceramic ,"h. 30 x Ø 17,50 cm",ceramics,bowls,,,CC_1.jpg,2203,2203,publish
catalogo,12207,Cdp 1,Coppa / (Bowl),circa 1950,glazed polychrome ceramic ,"35,5 x 37,5 x 18 cm",ceramics,bowls,,,Cdp_1.jpg,2207,2207,publish
catalogo,12208,CR 001,Cartoccio / (Cartoccio Bowl),circa 1950,glazed polychrome ceramic ,"h. 20,5 x Ø 37 cm",ceramics,cartoccio,,,CR_001.jpg,2208,2208,publish
catalogo,12209,CR 002,Cartoccio / (Cartoccio Bowl),circa 1950,glazed polychrome ceramic ,"h. 18,8 x Ø 45 cm",ceramics,Cartoccio,,,CR_002.jpg,2209,2209,publish
catalogo,12210,CO 002,Coppa / (Bowl),circa 1950,glazed polychrome ceramic ,h. 12 x Ø 24 cm,ceramics,bowls,,,CO_002.jpg,2210,2210,publish
catalogo,12212,CO 004,Coppa / (Bowl),circa 1950,glazed polychrome ceramic,h. 10 x Ø 30 cm,ceramics,bowls,,,CO_004.jpg,2212,2212,publish
catalogo,12217,PT 003,Piatto / (Plate),circa 1950,glazed polychrome ceramic,h. 7 x Ø 27 cm,ceramics,plates,,,PT_003.jpg,2217,2217,publish
catalogo,12220,PT 006,Piatto / (Plate),circa 1955,glazed polychrome ceramic,"3,4 x 31 x 22 cm",ceramics,plates,,,PT_006.jpg,2220,2220,publish
catalogo,12260,VA 060,Vaso sole / (Sun Vase),circa 1955,glazed polychrome ceramic,"32,5 x 11 cm",ceramics,vases,sun vase,,VA_060.jpg,2260,2260,publish
catalogo,12281,1951 4,Kore ,circa 1951,glazed ceramic,24 x 5 x 5 cm,Sculptures,,,,1951_4.jpg,2281,2281,publish
catalogo,12283,LA 002,Lampada / (Lamp),circa 1955,glazed polychrome ceramic,h. 26 x Ø 8 cm,Ceramics,lamps,,,LA_002.jpg,2283,2283,publish
catalogo,12284,LA 003,Lampada / (Lamp),circa 1955,glazed polychrome ceramic,h. 27 x Ø 8 cm,Ceramics,lamps,,,LA_003.jpg,2284,2284,publish
catalogo,12285,LA 004,Lampada / (Lamp),circa 1955,glazed polychrome ceramic,h. 32 x Ø 12 cm,Ceramics,lamps,,,LA_004.jpg,2285,2285,publish
catalogo,12286,LA 005,Lampada / (Lamp),circa 1955,glazed polychrome ceramic,h. 30 x Ø 12 cm,Ceramics,lamps,,,LA_005.jpg,2286,2286,publish
catalogo,12288,LA 007,Lampada / (Lamp),circa 1955,glazed polychrome ceramic,"h. 29 x Ø 12,5 cm",Ceramics,lamps,,,LA_007.jpg,2288,2288,publish
catalogo,12316,1951 7,Senza titolo / (Untitled),circa 1951,glazed ceramic,h. 54 cm,Sculptures,,,,1951_7.jpg,2316,2316,publish
catalogo,12364,CO 008,Coppa / (Bowl),circa 1951,glazed polychrome ceramic,"9 x 27,5 cm",ceramics,bowls,,,CO_008.jpg,2364,2364,publish
catalogo,12374,1951 5,Senza titolo / (Untitled),circa 1951,glazed ceramic,20 x 6 x 4 cm,Sculptures,,,,1951_5.jpg,2374,2374,publish
catalogo,12392,1959 10B,Senza titolo / (Untitled),circa 1959,glazed polychrome ceramic,"20,5 x 50,5 cm",bas reliefs,ceramic,,,1959_10B.jpg,2392,2392,publish
catalogo,12417,VA 078,Vaso / (Vase),circa 1955,glazed polychrome ceramic,h. 18 cm,ceramics,Vases,low cone case,,VA_078.jpg,2417,2417,publish
catalogo,12440,BA 037,Senza titolo / (Untitled),circa 1959,glazed polychrome ceramic,"30,5 x 45,5 cm",bas reliefs,ceramic,,,BA_037.jpg,2440,2440,publish
catalogo,12450,PI 006,Senza titolo / (Untitled),circa 1950,glazed polychrome ceramic,40 x 49 cm,bas reliefs,ceramic,,,PI_006.jpg,2450,2450,publish
catalogo,12452,PI 012,Senza titolo / (Untitled) ,circa 1958,glazed polychrome ceramic,"50 x 54,5 cm",bas reliefs,ceramic,,,PI_012.jpg,2452,2452,publish
catalogo,12453,PI 013,Senza titolo / (Untitled),circa 1958,glazed polychrome ceramic,"50 x 55,5 cm",bas reliefs,ceramic,,,PI_013.jpg,2453,2453,publish
catalogo,12454,PI 014,Senza titolo / (Untitled) ,circa 1958,glazed polychrome ceramic,"48,5 x 48,5 cm",bas reliefs,ceramic,,,PI_014.jpg,2454,2454,publish
catalogo,12459,VA 092,Vaso / (Vase),circa 1952,glazed polychrome ceramic,81 x 41 x 22 cm,ceramics,vases,mushroom-shaped vase,,VA_092.jpg,2459,2459,publish
catalogo,12469,VA 094,Vaso / (Vase),circa 1955,glazed polychrome ceramic,68 x 33 x 21 cm,ceramics,Vases,double egg vase with two tubes,,VA_094.jpg,2469,2469,publish
catalogo,12484,BA 044,Senza titolo / (Untitled),circa 1958,glazed ceramic,"17,5 x 30 cm",bas reliefs,ceramic,,,BA_044.jpg,2484,2484,publish
catalogo,12494,VA 114,Vaso / (Vase),circa 1955,glazed polychrome ceramic,58 x 29 x 17 cm,ceramics,Vases,bishop vase,,VA_114.jpg,2494,2494,publish
catalogo,12501,VA 121,Vaso / (Vase),circa 1955,glazed polychrome ceramic,80 x 24 x 14 cm,ceramics,vases,four cones vase (two of which are printed),,VA_121.jpg,2501,2501,publish
catalogo,12536,VA 155,Vaso / (Vase),1955,glazed polychrome ceramic,34 x 12 x 7 cm,ceramics,vases,owl vase,,VA_155.jpg,2536,2536,publish
catalogo,12538,VA 157,Vaso / (Vase),circa 1955,glazed polychrome ceramic,h. 37 cm,ceramics,vases,owl vase,,VA_157.jpg,2538,2538,publish
catalogo,12541,VA 162,Vaso / (Vase),circa 1950,glazed polychrome ceramic,"39 x 24,5 x 12 cm",ceramics,vases,bishop vase,,VA_162.jpg,2541,2541,publish
catalogo,12545,VA 166,Vaso / (Vase),circa 1955,glazed polychrome ceramic,"h. 34,5 cm",ceramics,vases,bishop vase,,VA_166.jpg,2545,2545,publish
catalogo,12546,VA 167,Vaso / (Vase),circa 1955,glazed polychrome ceramic,"34,4 x 15,6 x 8 cm",ceramics,vases,bishop vase,,VA_167.jpg,2546,2546,publish
catalogo,12550,VA 171,Vaso / (Vase),circa 1955,glazed polychrome ceramic,"h.59,5 x Ø 12 cm",ceramics,vases,sheatfish vase,,VA_171.jpg,2550,2550,publish
catalogo,12558,VA 179,Vaso / (Vase),1955,glazed polychrome ceramic,h. 33 cm,ceramics,vases,mushroom-shaped vase,,VA_179.jpg,2558,2558,publish
catalogo,12562,VA 183,Vaso / (Vase),circa 1952,glazed ceramic,40 x 23 x 16 cm,ceramics,vases,bishop vase,,VA_183.jpg,2562,2562,publish
catalogo,12567,VA 187,Vaso / (Vase),circa 1952,glazed polychrome ceramic,"h. 31, 5 x Ø 10 cm",ceramics,vases,mushroom-shaped vase,,VA_187.jpg,2567,2567,publish
catalogo,12598,VA 214,Vaso / (Vase),circa 1955,glazed polychrome ceramic,h. 25 x Ø 8 cm,ceramics,vases,colletto vase,,VA_214.jpg,2598,2598,publish
catalogo,12603,VA 219,Vaso / (Vase),circa 1955,glazed polychrome ceramic,"h. 25 x 7,7 x 8 cm",ceramics,vases,colletto vase,,VA_219.jpg,2603,2603,publish
catalogo,12615,VA 231,Vaso / (Vase),circa 1955,glazed polychrome ceramic,h. 40 cm,ceramics,vases,two sheets vase,,VA_231.jpg,2615,2615,publish
catalogo,12618,VA 234,Vaso / (Vase),circa 1956,glazed polychrome ceramic,h. 49 cm,ceramics,vases,two sheets vase,,VA_234.jpg,2618,2618,publish
catalogo,12644,Cd 1,Coppa / (Bowl),circa 1950,glazed polychrome ceramic,"25,5 x 38 cm ",ceramics,bowls,,,Cd_1.jpg,2644,2644,publish
catalogo,12650,VA 253,Vaso / (Vase),circa 1955,glazed polychrome ceramic                                                                                                                                                                                                                              ,"h. 27,5 cm",ceramics,vases,twin vase,,VA_253.jpg,2650,2650,publish
catalogo,12670,PA 5,Vaso pavone / (Peacock Vase),circa 1955,glazed polychrome ceramic,"25 x 25,5 x 7,8 cm",ceramics,Vases,peacock vase, ,PA_5.jpg,2670,2670,publish
catalogo,12678,PA 13,Vaso pavone / (Peacock Vase),1955,glazed polychrome ceramic,h. 48 cm ,ceramics,Vases,peacock vase,,PA_13.jpg,2678,2678,publish
catalogo,12689,CO 022,Coppa / (Bowl),circa 1955,glazed polychrome ceramic,"12,5 x Ø 26 cm",ceramics,bowls,,,CO_022.jpg,2689,2689,publish
catalogo,12695,VA 266,Vaso / (Vase),circa 1955,glazed polychrome ceramic,"28,4 x 13,2 cm ",ceramics,vases,twin vase,,VA_266.jpg,2695,2695,publish
catalogo,12696,VA 267,Vaso / (Vase),1955,glazed polychrome ceramic,"30 x 12,2 cm ",ceramics,vases,twin vase,,VA_267.jpg,2696,2696,publish
catalogo,12705,LA 078,Lampada / (Lamp),circa 1955,glazed polychrome ceramic,"h. 26,4 x Ø 8,5 cm",ceramics,lamps,,,LA_078.jpg,2705,2705,publish
catalogo,12706,LA 079,Lampada / (Lamp),circa 1955,glazed polychrome ceramic,"h. 27,5 x Ø 8,5 cm",ceramics,lamps,,,LA_079.jpg,2706,2706,publish
catalogo,12712,VA 270,Vaso / (Vase),circa 1955,glazed polychrome ceramic,"18 x 18,5 x 8 cm",ceramics,vases,low cone vase,,VA_270.jpg,2712,2712,publish
catalogo,12713,VA 271,Vaso / (Vase),circa 1955,glazed polychrome ceramic,"21 x 20 x 9,5 cm",ceramics,vases,cone vase,,VA_271.jpg,2713,2713,publish
catalogo,12715,VA 273,Vaso / (Vase),circa 1958,glazed polychrome ceramic                                                                                                                                                                                                                               ,"h. 26 x 23 x 10,5 cm",ceramics,vases,,,VA_273.jpg,2715,2715,publish
catalogo,12732,CO 027 / 021-1,Coppa / (Bowl),circa 1955,glazed polychrome ceramic,"12,5 x Ø 31 cm",ceramics,bowls,,,CO_027_/_021-1.jpg,2732,2732,publish
catalogo,12738,CO 032,Coppa / (Bowl),circa 1955,glazed polychrome ceramic,12 x Ø 31 cm,ceramics,bowls,,,CO_032.jpg,2738,2738,publish
catalogo,12739,CO 043,Coppa / (Bowl),circa 1955,glazed polychrome ceramic,"10 x Ø 23,5 cm",ceramics,bowls,,,CO_043.jpg,2739,2739,publish
catalogo,12740,CO 044,Coppa / (Bowl),circa 1955,glazed polychrome ceramic,"10,5 x Ø 23,5 cm",ceramics,bowls,,,CO_044.jpg,2740,2740,publish
catalogo,12770,Ocl 004,Collana / (Necklace),circa 1955,glazed polychrome ceramic,125 x Ø 1 cm,ceramics,jewellery,,,Ocl_004.jpg,2770,2770,publish
catalogo,12771,Ocl 005,Collana / (Necklace),circa 1955,glazed polychrome ceramic,"56 x Ø 1,3 cm",ceramics,jewellery,,,Ocl_005.jpg,2771,2771,publish
catalogo,12772,Ocl 006,Collana / (Necklace),circa 1955,glazed polychrome ceramic,"52,5 x Ø 1,2 cm",ceramics,jewellery,,,Ocl_006.jpg,2772,2772,publish
catalogo,12773,Ocl 007,Collana / (Necklace),circa 1955,glazed polychrome ceramic,46 x Ø 1 cm,ceramics,jewellery,,,Ocl_007.jpg,2773,2773,publish
catalogo,12778,Orc 001,Orecchini / (Earrings),1955,glazed polychrome ceramic and gold,h. 3 x Ø 1 cm ,ceramics,jewellery,,,Orc_001.jpg,2778,2778,publish
catalogo,12807,CE 016,Cerchi / (Circles),circa 1955,"glazed polychrome ceramic, nylon and brass","41 x 34,5 x 5 cm",ceramics,circles,,,CE_016.jpg,2807,2807,publish
catalogo,12810,CE 019,Cerchi / (Circles),circa 1955,"glazed polychrome ceramic, nylon and brass",h. 51 x 38 cm,ceramics,circles,,,CE_019.jpg,2810,2810,publish
catalogo,12812,CE 021,Cerchi / (Circles),circa 1955,"glazed polychrome ceramic, nylon and brass","26,5 x 22,5 cm",ceramics,circles,,  ,CE_021.jpg,2812,2812,publish
catalogo,12814,CE 023,Cerchi / (Circles),circa 1955,"glazed polychrome ceramic, nylon and brass",27 x 26 x 5 cm,ceramics,circles,,,CE_023.jpg,2814,2814,publish
catalogo,12819,CE 028,Cerchi / (Circles),circa 1955,"glazed polychrome ceramic, nylon and brass",27 x 27 x 5 cm,ceramics,circles,,,CE_028.jpg,2819,2819,publish
catalogo,12825,CE 034,Cerchi / (Circles),circa 1955,"glazed polychrome ceramic, nylon and brass",25 x 25 x 5 cm,ceramics,circles,,,CE_034.jpg,2825,2825,publish
catalogo,12838,ASP 002,Angelo / (Angel),1960,glazed polychrome ceramic,27 x 19 cm,ceramics,sacred,,,ASP_002.jpg,2838,2838,publish
catalogo,12846,OCA 3,Carretto / (Little Wagon),1948,glazed polychrome ceramic,"15 x 26 x 12,5 cm",ceramics,others,,,OCA_3.jpg,2846,2846,publish
catalogo,12847,VA 338,Vaso / (Vase),circa 1958,glazed polychrome ceramic,"h. 48,5 x 28 cm",ceramics,vases,two sheets vase,,VA_338.jpg,2847,2847,publish
catalogo,12879,ONU 031,Bambini / (Children),circa 1955,glazed ceramic,20 x 20 x 10 cm,ceramics,Onu,, ,ONU_031.jpg,2879,2879,publish
catalogo,12899,VA 346/346-1,Vaso / (Vase),circa 1955,glazed polychrome ceramic,"20,5 x 13,5 x 9 cm",ceramics,vases,moon vase,,VA_346/346-1.jpg,2899,2899,publish
catalogo,12902,VA 347/347-1,Vaso / (Vase),circa 1955,glazed polychrome ceramic,"22,5 x Ø 3,5 cm",ceramics,vases,strano vase,,VA_347/347-1.jpg,2902,2902,publish
catalogo,12908,Cb 9,Coppa / (Bowl),circa 1955,glazed polychrome ceramic,"h. 16 x Ø 20,5 cm",ceramics,bowls,,,Cb_9.jpg,2908,2908,publish
catalogo,12918,PT 018/18-01,Piatto / (Plate),circa 1955,glazed polychrome ceramic,h. 4 x Ø 19 cm,ceramics,plates,,,PT_018/18-01.jpg,2918,2918,publish
catalogo,12920,PT 020,Piatto / (Plate),circa 1955,glazed polychrome ceramic,"11,5 x 29 x 28 cm",ceramics,plates,,,PT_020.jpg,2920,2920,publish
catalogo,12921,PT 021,Piatto / (Plate),circa 1955,glazed polychrome ceramic,h. 8 x Ø 26 cm,ceramics,plates,,,PT_021.jpg,2921,2921,publish
catalogo,12922,PT 022,Piatto / (Plate),circa 1955,glazed polychrome ceramic,"9 x 26 x 21,5 cm",ceramics,plates,, ,PT_022.jpg,2922,2922,publish
catalogo,12932,VA 350,Vaso / (Vase),circa 1955,glazed polychrome ceramic,h. 26 x Ø 12 cm ,ceramics,vases,cone vase,,VA_350.jpg,2932,2932,publish
catalogo,12938,1951-1952 12,Kore ,1951-1952,glazed polychrome ceramic,"43,5 x 15 cm",Sculptures,,,,1951-1952_12.jpg,2938,2938,publish
catalogo,12953,PT 048/48-1,Piatto / (Plate),circa 1955,glazed polychrome ceramic,"h. 3,5 x Ø 18 cm",ceramics,plates,, ,PT_048/48-1.jpg,2953,2953,publish
catalogo,12956,PT 051,Piatto / (Plate),circa 1951,glazed polychrome ceramic,"h.3,8 x 15,7 cm",ceramics,plates,,,PT_051.jpg,2956,2956,publish
catalogo,12958,PT 053,Piatto / (Plate),circa 1955,glazed polychrome ceramic,26 Ø cm,ceramics,plates,,,PT_053.jpg,2958,2958,publish
catalogo,12965,PT 060,Piatto / (Plate),circa 1955,glazed polychrome ceramic                                                                                                                                                                                                             ,3 x 20 cm,ceramics,plates,,,PT_060.jpg,2965,2965,publish
catalogo,12998,BE 026,Cavallino / (Little Horse),circa 1955,glazed ceramic,19 x 17 x 4 cm,ceramics,animals,,,BE_026.jpg,2998,2998,publish
catalogo,12999,BE 027,Cavallino / (Little Horse),circa 1955,glazed ceramic,19 x 17 cm,ceramics,animals,,,BE_027.jpg,2999,2999,publish
catalogo,13000,BE 028,Cavallino / (Little Horse),circa 1955,glazed ceramic,24 x 15 cm,ceramics,animals,,,BE_028.jpg,3000,3000,publish
catalogo,13001,BE 029,Cavallino / (Little Horse),circa 1955,glazed ceramic,15 x 20 cm,ceramics,animals,,,BE_029.jpg,3001,3001,publish
catalogo,13005,BE 033,Cavallino / (Little Horse),circa 1955,glazed polychrome ceramic,21 x 19 x 5 cm,ceramics,animals,, ,BE_033.jpg,3005,3005,publish
catalogo,13006,BE 034,Cavallino / (Little Horse),circa 1955,glazed ceramic,"25 x 15,5 x 5 cm",ceramics,animals,, ,BE_034.jpg,3006,3006,publish
catalogo,13012,BE 039,Cavallino / (Little Horse),circa 1955,glazed ceramic,18 x 26 x 9 cm,ceramics,animals,,,BE_039.jpg,3012,3012,publish
catalogo,13015,BE 041,Cavallino / (Little Horse),circa 1955,glazed ceramic,"24,5 x 13 x 4,5 cm",ceramics,animals,,,BE_041.jpg,3015,3015,publish
catalogo,13033,BE 055 / 055-1,Gallo / (Rooster),circa 1955,glazed polychrome ceramic                                                                                                                                                                                                                         ,14 x 19 cm,ceramics,animals,,,BE_055_/_055-1.jpg,3033,3033,publish
catalogo,13050,BE 069,Pesce / (Fish),circa 1955,glazed polychrome ceramic and glass ,18 x 26 cm,ceramics,animals,,,BE_069.jpg,3050,3050,publish
catalogo,13093,PA 21,Vaso pavone / (Peacock Vase),circa 1950,glazed polychrome ceramic                                                                                                                                                                                                                         ,"52,5 x 51,5 x 26,5 cm",ceramics,vases,peacock vase,,PA_21.jpg,3093,3093,publish
catalogo,13198,1955 17,Kore ,circa 1955,glazed ceramic,h. 102 cm,Sculptures,,,,1955_17.jpg,3198,3198,publish
catalogo,13199,PI 015,Senza titolo / (Untitled),circa 1955,glazed polychrome ceramic                                                                                                                                                                                                                         ,"46,5 x 46,5 cm",bas reliefs,ceramic,,,PI_015.jpg,3199,3199,publish
catalogo,13217,T 55 052,Senza titolo / (Untitled),circa 1955,tempera and pastel on paper,500 x 625 mm,works on paper/canvas,mixed media,,,T_55_052.jpg,3217,3217,publish
catalogo,13222,T 55 049,Senza titolo / (Untitled),circa 1955,tempera and pastel on paper,475 x 700 mm,works on paper/canvas,mixed media,,,T_55_049.jpg,3222,3222,publish
catalogo,13223,T 55 050,Piccolo teatro / (Little Theater),circa 1955,"tempera, pastel and burn marks on paper",700 x 500 mm,works on paper/canvas,mixed media,,,T_55_050.jpg,3223,3223,publish
catalogo,13225,DIS 59 005,Disegno - Progetto per scultura / (Drawing - Project for Sculpture),circa 1959,tempera and colour pastel on paper,503 x 349 mm,works on paper/canvas,drawings,,,DIS_59_005.jpg,3225,3225,publish
catalogo,13232,T 53 003,Senza titolo / (Untitled),1953,tempera and burn marks on paper,697 x 997 mm,works on paper/canvas,mixed media,,,T_53_003.jpg,3232,3232,publish
catalogo,13233,T 53 022,Senza titolo / (Untitled),circa 1953,"tempera, pastel and burn marks on paper",699 x 999 mm; frame 73 x 103 cm,works on paper/canvas,mixed media,,,T_53_022.jpg,3233,3233,publish
catalogo,13234,T 53 024,Senza titolo / (Untitled),circa 1953,tempera and conté pencil on paper ,698 x 999 mm,works on paper/canvas,mixed media,,,T_53_024.jpg,3234,3234,publish
catalogo,13235,T 55 037,Senza titolo / (Untitled),1955,tempera and pastel on paper,695 x 425 mm,works on paper/canvas,mixed media,, ,T_55_037.jpg,3235,3235,publish
catalogo,13249,T 54 021,Senza titolo / (Untitled),1954,"pastel, charcoal and tempera on paper",700 x 998 mm,works on paper/canvas,mixed media,,,T_54_021.jpg,3249,3249,publish
catalogo,13251,T 53 004,Senza titolo / (Untitled),1953,tempera and pastel on paper,697 x 1000 mm,works on paper/canvas,mixed media,,,T_53_004.jpg,3251,3251,publish
catalogo,13255,T 55 051,Senza titolo / (Untitled),circa 1955,tempera and burn marks on paper,998 x 698 mm,works on paper/canvas,mixed media,,,T_55_051.jpg,3255,3255,publish
catalogo,13256,DIS 59 006,Disegno - Progetto per scultura / (Drawing - Project for Sculpture),circa 1959,pencil and tempera on paper,501 x 356 mm,works on paper/canvas,drawings,,,DIS_59_006.jpg,3256,3256,publish
catalogo,13259,DIS 59 004,Disegno - Progetto per scultura / (Drawing - Project for Sculpture),circa 1959,pencil and tempera on paper,500 x 345 mm,works on paper/canvas,drawings,,,DIS_59_004.jpg,3259,3259,publish
catalogo,13292,DIS 60 006,"Disegno - Progetto per scultura ""Le streghe II""/ (Drawing - Project for Sculpture ""The Witches II"")",1960,burn marks and sanguine pencil on paper ,312 x 483 mm,works on paper/canvas,drawings,,,DIS_60_006.jpg,3292,3292,publish
catalogo,13293,DIS 60 005,"Disegno - Progetto per scultura ""Le streghe""/ (Drawing - Project for Sculpture ""The Witches"")",1960,"ochre and red watercolour, burn marks and green wax crayon on cardboard",502 x 347 mm,works on paper/canvas,drawings,,,DIS_60_005.jpg,3293,3293,publish
catalogo,13294,DIS 60 004,Disegno - Progetto per scultura / (Drawing - Project for Sculpture),1960,brush point burn marks on paper ,482 x 313 mm,works on paper/canvas,drawings,,,DIS_60_004.jpg,3294,3294,publish
catalogo,13296,DIS 60 003,Disegno - Progetto per scultura / (Drawing - Project for Sculpture),1960,brush point burn marks on paper,488 x 350 mm,works on paper/canvas,drawings,,,DIS_60_003.jpg,3296,3296,publish
catalogo,13297,DIS 59 003,"Disegno - Progetto per scultura  ""Il carro dei rabdomanti"" / (Drawing - Project for Sculpture ""The Cart of Water Diviners""",1959,"burn marks, pastel, tempera and charcoal on paper",503 x 348 mm,works on paper/canvas,drawings,,,DIS_59_003.jpg,3297,3297,publish
catalogo,13361,1953 25,Senza titolo / (Untitled),circa 1953,terracotta,,Sculptures,,,,1953_25.jpg,3361,3361,publish
catalogo,13362,1953 26,Senza titolo / (Untitled),circa 1953,terracotta,"h. 24,7 cm",Sculptures,,,,1953_26.jpg,3362,3362,publish
catalogo,13374,T 50 010,Senza titolo / (Untitled),circa 1950,pastel and sanguine pencil on cardboard,500 x 700 mm,works on paper/canvas,mixed media,,,T_50_010.jpg,3374,3374,publish
catalogo,13376,PA 25,Vaso pavone / (Peacock Vase),circa 1955,glazed polychrome ceramic,31 x 31 cm,ceramics,Vases,peacock vase, ,PA_25.jpg,3376,3376,publish
catalogo,13384,T 54 001,Senza titolo / (Untitled),1954,"tempera, india ink, pastel, pencil and burn marks on paper ",700 x 1000 mm,works on paper/canvas,mixed media,,,T_54_001.jpg,3384,3384,publish
catalogo,13396,T 52 019,Senza titolo / (Untitled),1952,"tempera, pastel and burn marks on paper",699 x 996 mm,works on paper/canvas,mixed media,,,T_52_019.jpg,3396,3396,publish
catalogo,13397,T 52 020,Il Lager / (The Extermination Camp),1952,pencil and burn marks on paper ,700 x 997 mm,works on paper/canvas,mixed media,,,T_52_020.jpg,3397,3397,publish
catalogo,13398,T 52 021,Senza titolo / (Untitled),1952,"tempera, pencil and burn marks on paper",700 x 995 mm,works on paper/canvas,mixed media,,,T_52_021.jpg,3398,3398,publish
catalogo,13399,T 53 025,Senza titolo / (Untitled),1953,tempera and burn marks on cardboard  ,700 x 999 mm,works on paper/canvas,mixed media,,,T_53_025.jpg,3399,3399,publish
catalogo,13400,T 54 009,Nudo / (Nude),1954,"tempera, pastel and burn marks on paper",695 x 997 mm,works on paper/canvas,mixed media,,,T_54_009.jpg,3400,3400,publish
catalogo,13401,T 54 008,Senza titolo / (Untitled),1954,tempera and paint on cardboard,698 x 997 mm,works on paper/canvas,mixed media,,,T_54_008.jpg,3401,3401,publish
catalogo,13402,T 54 035,Senza titolo / (Untitled),1954,tempera on paper,700 x 1000 mm,works on paper/canvas,mixed media,,,T_54_035.jpg,3402,3402,publish
catalogo,13413,T 54 022,Senza titolo / (Untitled),1954,"tempera, pastel and collage on paper ",700 mm x 1000 mm,works on paper/canvas,mixed media,,,T_54_022.jpg,3413,3413,publish
catalogo,13414,T 55 001,Senza titolo / (Untitled),1955,"tempera, pencil, pastel and burn marks on paper",700 x 996 mm,works on paper/canvas,mixed media,,,T_55_001.jpg,3414,3414,publish
catalogo,13415,T 55 003,Senza titolo / (Untitled),1955,pencil and tempera on paper,700 x 1000 mm,works on paper/canvas,mixed media,,,T_55_003.jpg,3415,3415,publish
catalogo,13433,T 52 003,Senza titolo / (Untitled),1952,"tempera, pencil, burn marks and collage on paper ",693 x 996 mm,works on paper/canvas,mixed media,,,T_52_003.jpg,3433,3433,publish
catalogo,13434,T 53 002,Senza titolo / (Untitled),1953,tempera and burn marks on cardboard  ,700 x 999 mm,works on paper/canvas,mixed media,,,T_53_002.jpg,3434,3434,publish
catalogo,13435,T 54 002,Senza titolo / (Untitled),1954,tempera and pastel on paper,695 x 995 mm,works on paper/canvas,mixed media,,,T_54_002.jpg,3435,3435,publish
catalogo,13436,T 54 003,Senza titolo / (Untitled),1954,"tempera, pastel and burn marks on paper",700 x 1000 mm,works on paper/canvas,mixed media,,,T_54_003.jpg,3436,3436,publish
catalogo,13437,T 54 020,Senza titolo / (Untitled),1954,"tempera, pastel and varnish on cardboard",998 x 698 mm,works on paper/canvas,mixed media,, ,T_54_020.jpg,3437,3437,publish
catalogo,13440,T 55 033,Senza titolo / (Untitled),1955,tempera and burn marks on paper,697 x 1000 mm,works on paper/canvas,mixed media,,,T_55_033.jpg,3440,3440,publish
catalogo,13441,T 55 036,Senza titolo / (Untitled),1955,tempera and burn marks on paper,700 x 1000 mm,works on paper/canvas,mixed media,, ,T_55_036.jpg,3441,3441,publish
catalogo,13444,T 52 022,Senza titolo / (Untitled),1952,"tempera, pastel and oil on cardboard",700 x 1000 mm,works on paper/canvas,mixed media,,,T_52_022.jpg,3444,3444,publish
catalogo,13445,T 53 023,Senza titolo / (Untitled),1953,"tempera, pastel and oil on cardboard",700 x 1000 mm,works on paper/canvas,mixed media,,,T_53_023.jpg,3445,3445,publish
catalogo,13446,T 54 036,Senza titolo / (Untitled),1954,tempera and pastel on carboard,700 x 1000 mm,works on paper/canvas,mixed media,,,T_54_036.jpg,3446,3446,publish
catalogo,13447,T 50 005,Senza titolo / (Untitled),circa 1950,"tempera, pastel and oil on cardboard",700 x 1000 mm,works on paper/canvas,mixed media,,,T_50_005.jpg,3447,3447,publish
catalogo,13472,T 52 023,Senza titolo / (Untitled),circa 1952,"tempera, pastel and varnish on cardboard ",699 x 1001 mm,works on paper/canvas,mixed media,,,T_52_023.jpg,3472,3472,publish
catalogo,13473,T 54 019,Einstein ,1954,"tempera, pastel and pencil on paper ",700 x 1000 mm,works on paper/canvas,mixed media,,,T_54_019.jpg,3473,3473,publish
catalogo,13492,T 55 053,Senza titolo / (Untitled),1955,burn marks and conté pencil on paper ,700 x 1000 mm,works on paper/canvas,mixed media,,,T_55_053.jpg,3492,3492,publish
catalogo,13493,T 55 054,Senza titolo / (Untitled),1955,burn marks and pastel on cardboard,699 x 995 mm,works on paper/canvas,mixed media,,,T_55_054.jpg,3493,3493,publish
catalogo,13496,T 55 035,Senza titolo / (Untitled),1955,tempera and pastel on paper,700 x 1000 mm,works on paper/canvas,mixed media,,"  "" ",T_55_035.jpg,3496,3496,publish
catalogo,13498,T 54 032,Senza titolo / (Untitled),circa 1954,mixed media on paper,330 x 500 mm,works on paper/canvas,mixed media,,,T_54_032.jpg,3498,3498,publish
catalogo,13499,T 54 012,Senza titolo / (Untitled),1954,tempera and pastel on paper,334 x 498 mm,works on paper/canvas,mixed media,,,T_54_012.jpg,3499,3499,publish
catalogo,13500,T 55 009,Senza titolo / (Untitled),1955,tempera and pastel on paper,335 x 500 mm,works on paper/canvas,mixed media,,,T_55_009.jpg,3500,3500,publish
catalogo,13501,T 55 019,Senza titolo / (Untitled),1955,pastel and burn marks on paper,326 x 500 mm,works on paper/canvas,mixed media,,,T_55_019.jpg,3501,3501,publish
catalogo,13502,T 55 015,Senza titolo / (Untitled),1955,pastel and burn marks on paper,500 x 305 mm,works on paper/canvas,mixed media,,,T_55_015.jpg,3502,3502,publish
catalogo,13503,T 55 017,Senza titolo / (Untitled),1955,pastel and tempera on paper,501 x 351 mm,works on paper/canvas,mixed media,,,T_55_017.jpg,3503,3503,publish
catalogo,13504,T 55 021,Senza titolo / (Untitled),1955,tempera on paper,"33,5 x 49,7 cm",works on paper/canvas,mixed media,,,T_55_021.jpg,3504,3504,publish
catalogo,13505,T 55 022,Arabesque ,1955,tempera and burn marks on paper,335 x 500 mm,works on paper/canvas,mixed media,,,T_55_022.jpg,3505,3505,publish
catalogo,13506,T 55 023,Senza titolo / (Untitled),1955,tempera and burn marks on paper,336 x 500 mm,works on paper/canvas,mixed media,,,T_55_023.jpg,3506,3506,publish
catalogo,13507,T 55 024,Senza titolo / (Untitled),1955,tempera and burn marks on paper,338 x 482 mm,works on paper/canvas,mixed media,,,T_55_024.jpg,3507,3507,publish
catalogo,13508,T 55 025,Senza titolo / (Untitled),1955,tempera and burn marks on paper,325 x 488 mm,works on paper/canvas,mixed media,,,T_55_025.jpg,3508,3508,publish
catalogo,13509,T 55 026,Senza titolo / (Untitled),1955,tempera and burn marks on paper,338 x 501 mm,works on paper/canvas,mixed media,,,T_55_026.jpg,3509,3509,publish
catalogo,13510,T 55 027,Senza titolo / (Untitled),1955,tempera and burn marks on paper,497 x 348 mm,works on paper/canvas,mixed media,,,T_55_027.jpg,3510,3510,publish
catalogo,13511,T 55 030,Bagnanti / (The Bathers),1955,charcoal and burn marks on paper,350 x 502 mm,works on paper/canvas,mixed media,,,T_55_030.jpg,3511,3511,publish
catalogo,13513,T 55 041,La Zingara e il soldato / (The Gypsy and the Soldier),circa 1955,tempera and ink on paper,408 x 385 mm,works on paper/canvas,mixed media,,"   "" "" ",T_55_041.jpg,3513,3513,publish
catalogo,13545,T 53 008,Senza titolo / (Untitled),1953,tempera and pastel on paper,326 x 499 mm,works on paper/canvas,mixed media,,,T_53_008.jpg,3545,3545,publish
catalogo,13547,T 54 025,Senza titolo / (Untitled),1954,tempera and pastel on paper,350 x 500 mm,works on paper/canvas,mixed media,,,T_54_025.jpg,3547,3547,publish
catalogo,13560,1959-1960 16,Toro / (Bull),1959-1960,brass,"21 x 12,5 x 7 cm",Sculptures,,,,1959-1960_16.jpg,3560,3560,publish
catalogo,13568,1954 12,Senza titolo / (Untitled),circa 1954,terracotta,25 x 8 x 5 cm,Sculptures,,,,1954_12.jpg,3568,3568,publish
catalogo,13575,T 54 023/23-1,Senza titolo / (Untitled),1954,"tempera, pastel and pencil on paper ",350 x 500 mm,works on paper/canvas,mixed media,, ,T_54_023/23-1.jpg,3575,3575,publish
catalogo,13576,T 54 018,I viaggi / (The Journeys),1954,tempera and india ink on paper,376 x 325 mm,works on paper/canvas,mixed media,,   ,T_54_018.jpg,3576,3576,publish
catalogo,13577,T 55 032,I viaggi / (The Journeys),1955,"tempera, pastel and burn marks on paper",323 x 247 mm,works on paper/canvas,mixed media ,,  ,T_55_032.jpg,3577,3577,publish
catalogo,13580,T 56 010,Senza titolo / (Untitled),1956,"tempera, pastel and conté pencil on paper",334 x 426 mm,works on paper/canvas,mixed media,,,T_56_010.jpg,3580,3580,publish
catalogo,13581,T 56 012,Ruote / (Wheels),1956,tempera on paper,350 x 502 mm,works on paper/canvas,mixed media,,,T_56_012.jpg,3581,3581,publish
catalogo,13582,T 56 014,Senza titolo / (Untitled),1956,tempera and pastel on paper,336 x 483 mm,works on paper/canvas,mixed media,,,T_56_014.jpg,3582,3582,publish
catalogo,13602,T 50 008,Senza titolo / (Untitled),circa 1950,tempera and pencil on paper,483 x 661 mm,works on paper/canvas,mixed media,,,T_50_008.jpg,3602,3602,publish
catalogo,13622,1953 27,Senza titolo / (Untitled),circa 1953,terracotta,"24,2 x 8 x 6,5 cm",Sculptures,,,,1953_27.jpg,3622,3622,publish
catalogo,13623,1955-1956 15,Kore ,circa 1955-1956 ,glazed polychrome ceramic,"103 x 28,05 x 20 cm",Sculptures,,,,1955-1956_15.jpg,3623,3623,publish
catalogo,13624,1955 18,Kore ,circa 1955,terracotta,h. circa 45 cm,Sculptures,terracotta,,,1955_18.jpg,3624,3624,publish
catalogo,13668,T 56 046 A,"Alfabeto, A / (Alphabet, A)",1956,tempera and burn marks on paper,350 x 320 mm,works on paper/canvas,mixed media,,,T_56_046_A.jpg,3668,3668,publish
catalogo,13669,T 56 046 B,"Alfabeto, B / (Alphabet, B)",1956,tempera and burn marks on paper,350 x 320 mm,works on paper/canvas,mixed media,,,T_56_046_B.jpg,3669,3669,publish
catalogo,13670,T 56 046 C ,"Alfabeto, C / (Alphabet, C)",1956,tempera and burn marks on paper,350 x 320 mm,works on paper/canvas,mixed media,,,T_56_046_C_.jpg,3670,3670,publish
catalogo,13671,T 56 046 D,"Alfabeto, D / (Alphabet, D)",1956,tempera and burn marks on paper,350 x 320 mm,works on paper/canvas,mixed media,,,T_56_046_D.jpg,3671,3671,publish
catalogo,13672,T 56 046 E,"Alfabeto, E / (Alphabet, E)",1956,tempera and burn marks on paper,350 x 320 mm,works on paper/canvas,mixed media,,,T_56_046_E.jpg,3672,3672,publish
catalogo,13673,T 56 046 F,"Alfabeto, F / (Alphabet, F)",1956,tempera and burn marks on paper,350 x 320 mm,works on paper/canvas,mixed media,,,T_56_046_F.jpg,3673,3673,publish
catalogo,13674,T 56 046 G,"Alfabeto, G / (Alphabet, G)",1956,tempera and burn marks on paper,350 x 320 mm,works on paper/canvas,mixed media,,,T_56_046_G.jpg,3674,3674,publish
catalogo,13675,T 56 046 H,"Alfabeto, H / (Alphabet, H)",1956,"tempera, pastel and burn marks on paper",350 x 320 mm,works on paper/canvas,mixed media,,,T_56_046_H.jpg,3675,3675,publish
catalogo,13676,T 56 046 I ,"Alfabeto, I / (Alphabet, I)",1956,"tempera, pastel and burn marks on paper",350 x 320 mm,works on paper/canvas,mixed media,,,T_56_046_I_.jpg,3676,3676,publish
catalogo,13677,T 56 046 L,"Alfabeto, L / (Alphabet, L) ",1956,"tempera, pastel and burn marks on paper",350 x 320 mm,works on paper/canvas,mixed media,, ,T_56_046_L.jpg,3677,3677,publish
catalogo,13678,T 56 046 M ,"Alfabeto, M / (Alphabet, M)",1956,tempera and burn marks on paper,350 x 320 mm,works on paper/canvas,mixed media,,,T_56_046_M_.jpg,3678,3678,publish
catalogo,13679,T 56 046 N ,"Alfabeto, N / (Alphabet, N)",1956,tempera and burn marks on paper,350 x 320 mm,works on paper/canvas,mixed media,,,T_56_046_N_.jpg,3679,3679,publish
catalogo,13680,T 56 046 O ,"Alfabeto, O / (Alphabet, O)",1956,tempera and burn marks on paper,350 x 320 mm,works on paper/canvas,mixed media,,,T_56_046_O_.jpg,3680,3680,publish
catalogo,13681,T 56 046 P,"Alfabeto, P / (Alphabet, P)",1956,tempera and burn marks on paper,350 x 320 mm,works on paper/canvas,mixed media,,,T_56_046_P.jpg,3681,3681,publish
catalogo,13682,T 56 046 Q ,"Alfabeto, Q / (Alphabet, Q)",1956,tempera and burn marks on paper,350 x 320 mm,works on paper/canvas,mixed media,,,T_56_046_Q_.jpg,3682,3682,publish
catalogo,13683,T 56 046 R ,"Alfabeto, R / (Alphabet, R)",1956,tempera and burn marks on paper,350 x 320 mm,works on paper/canvas,mixed media,,,T_56_046_R_.jpg,3683,3683,publish
catalogo,13684,T 56 046 S,"Alfabeto, S / (Alphabet, S)",1956,tempera and burn marks on paper,350 x 320 mm,works on paper/canvas,mixed media,,,T_56_046_S.jpg,3684,3684,publish
catalogo,13685,T 56 046 T,"Alfabeto, T / (Alphabet, T)",1956,tempera and burn marks on paper,350 x 320 mm,works on paper/canvas,mixed media,,,T_56_046_T.jpg,3685,3685,publish
catalogo,13686,T 56 046 U ,"Alfabeto, U / (Alphabet, U)",1956,tempera and burn marks on paper,350 x 320 mm,works on paper/canvas,mixed media,,,T_56_046_U_.jpg,3686,3686,publish
catalogo,13687,T 56 046 V ,"Alfabeto, V / (Alphabet, V)",1956,tempera and burn marks on paper,350 x 320 mm,works on paper/canvas,mixed media,,,T_56_046_V_.jpg,3687,3687,publish
catalogo,13688,T 56 046 W,"Alfabeto, W / (Alphabet, W)",1956,tempera and burn marks on paper,350 x 320 mm,works on paper/canvas,mixed media,,,T_56_046_W.jpg,3688,3688,publish
catalogo,13689,T 56 046 X ,"Alfabeto, X / (Alphabet, X)",1956,"tempera, pastel and burn marks on paper",350 x 320 mm,works on paper/canvas,mixed media,,,T_56_046_X_.jpg,3689,3689,publish
catalogo,13690,T 56 046 Y ,"Alfabeto, Y / (Alphabet, Y)",1956,tempera and burn marks on paper,350 x 320 mm,works on paper/canvas,mixed media,,,T_56_046_Y_.jpg,3690,3690,publish
catalogo,13691,T 56 046 Z,"Alfabeto, Z / (Alphabet, Z)",1956,tempera and burn marks on paper,350 x 320 mm,works on paper/canvas,mixed media,,,T_56_046_Z.jpg,3691,3691,publish
catalogo,13744,1953 28,Senza titolo / (Untitled),circa 1953,glazed polychrome ceramic,"23,5 x 7,5 x 9 cm",Sculptures,,,   ,1953_28.jpg,3744,3744,publish
catalogo,13866,1954 4B,Senza titolo / (Untitled),circa 1954,mixed media on plaster,"54 x 75 x 3,5 cm",bas reliefs,plaster / others,,,1954_4B.jpg,3866,3866,publish
catalogo,13929,T 56 047,Senza titolo / (Untitled),circa 1956,tempera and pastel on paper ,350 x 500 mm,works on paper/canvas,mixed media,,,T_56_047.jpg,3929,3929,publish
catalogo,13973,1953 29,Senza titolo / (Untitled),circa 1953,terracotta,25 x 8 x 5 cm,Sculptures,,,,1953_29.jpg,3973,3973,publish
catalogo,14038,CT 247,Coppetta / (Bowl),circa 1953,glazed polychrome ceramic,5 x Ø 13 cm,ceramics,bowls,,,CT_247.jpg,4038,4038,publish
catalogo,14095,T 50 001,Senza titolo / (Untitled),circa 1950,"watercolour, tempera, pastel and collage on paper mounted on canvas",700 x 1000 mm,works on paper/canvas,mixed media,,,T_50_001.jpg,4095,4095,publish
catalogo,14099,T 52 001,Tre donne con turbante azzurro / (Three Women with Blue Turban),1952,"tempera, pastel and burn marks on paper ",700 x 995 mm,works on paper/canvas,mixed media,,,T_52_001.jpg,4099,4099,publish
catalogo,14100,T 52 002,Senza titolo / (Untitled),1952,tempera and burned paper mounted on canvas ,700 x 1000 mm,works on paper/canvas,mixed media,,,T_52_002.jpg,4100,4100,publish
catalogo,14101,T 52 005,Il Lager / (The Concentration Camp),1952,"pencil, tempera and burn marks on paper ",700 x 1000 mm,works on paper/canvas,mixed media,,,T_52_005.jpg,4101,4101,publish
catalogo,14102,T 52 006,Il Lager / (The Concentration Camp),1952,burn marks and pencil on paper,700 x 1000 mm,works on paper/canvas,mixed media,,,T_52_006.jpg,4102,4102,publish
catalogo,14103,T 52 007,Senza titolo / (Untitled),1952,tempera and pencil on carboard,475 x 700 mm,works on paper/canvas,mixed media,,,T_52_007.jpg,4103,4103,publish
catalogo,14104,T 52 008,Senza titolo / (Untitled),1952,tempera and burn marks on paper,700 x 500 mm,works on paper/canvas,mixed media,,   ,T_52_008.jpg,4104,4104,publish
catalogo,14105,T 52 010,Senza titolo / (Untitled),1952,"tempera, pastel and burn marks on paper mounted on canvas",500 x 700 mm,works on paper/canvas,mixed media,,,T_52_010.jpg,4105,4105,publish
catalogo,14110,T 53 030,Senza titolo / (Untitled),1953,watercolour and charcoal on paper ,350 x 250 mm,works on paper/canvas,mixed media,,,T_53_030.jpg,4110,4110,publish
catalogo,14111,T 53 001,Senza titolo / (Untitled),1953,burned paper and collage on paper mounted on canvas,700 x 1000 mm,works on paper/canvas,mixed media,,,T_53_001.jpg,4111,4111,publish
catalogo,14117,DIS 52 001,Disegno / (Drawing),1952 ,pencil on paper,315 x 223 mm,works on paper/canvas,drawings,, ,DIS_52_001.jpg,4117,4117,publish
catalogo,14135,T 53 012,Senza titolo / (Untitled),1953,watercolour and burn marks on cardboard,497 x 696 mm,works on paper/canvas,mixed media,,,T_53_012.jpg,4135,4135,publish
catalogo,14137,T 53 013,Senza titolo / (Untitled),1953,tempera and pastel on cardboard,512 x 715 mm,works on paper/canvas,mixed media,,,T_53_013.jpg,4137,4137,publish
catalogo,14138,T 53 020,Senza titolo / (Untitled),circa 1953 ,tempera and pastel on paper,325 x 500 mm,works on paper/canvas,mixed media,,,T_53_020.jpg,4138,4138,publish
catalogo,14142,T 54 011,Senza titolo / (Untitled),1954,burn marks and tempera on paper  ,350 x 500 mm,works on paper/canvas,mixed media,,  ,T_54_011.jpg,4142,4142,publish
catalogo,14143,T 54 013,Senza titolo / (Untitled),1954,tempera and pastel on paper,472 x 700 mm,works on paper/canvas,mixed media,,,T_54_013.jpg,4143,4143,publish
catalogo,14144,T 54 014,Senza titolo / (Untitled),1954,tempera and burn marks on paper,500 x 700 mm,works on paper/canvas,mixed media,,,T_54_014.jpg,4144,4144,publish
catalogo,14145,T 54 015,Senza titolo / (Untitled),1954,tempera and oil on cardboard,476 x 65 mm,works on paper/canvas,mixed media,,,T_54_015.jpg,4145,4145,publish
catalogo,14146,T 54 016,Senza titolo / (Untitled),1954,tempera on cardboard,480 x 690 mm,works on paper/canvas,mixed media,,,T_54_016.jpg,4146,4146,publish
catalogo,14147,T 54 017,Senza titolo / (Untitled),1954,tempera and pastel on cardboard,465 x 692 mm,works on paper/canvas,mixed media,,,T_54_017.jpg,4147,4147,publish
catalogo,14148,T 54 026,Senza titolo / (Untitled),1954,tempera and pastel on cardboard,470 x 700 mm,works on paper/canvas,mixed media,,,T_54_026.jpg,4148,4148,publish
catalogo,14157,T 55 011,Senza titolo / (Untitled),circa 1955,tempera and india ink on paper,640 x 450 mm,works on paper/canvas,mixed media,,,T_55_011.jpg,4157,4157,publish
catalogo,14160,T 55 014,Senza titolo / (Untitled),1955,"tempera, pastel and burn marks on paper ",250 x 335 mm,works on paper/canvas,mixed media,,    ,T_55_014.jpg,4160,4160,publish
catalogo,14207,T 55 020,Senza titolo / (Untitled),1955,"tempera, pastel and burn marks on paper",310 x 335 mm,works on paper/canvas,mixed media,, ,T_55_020.jpg,4207,4207,publish
catalogo,14208,T 55 028,Senza titolo / (Untitled),1955,burn marks on paper,315 x 335 mm,works on paper/canvas,mixed media,,"  "" ",T_55_028.jpg,4208,4208,publish
catalogo,14209,T 55 029,Senza titolo / (Untitled),1955,tempera and burn marks on paper,310 x 425 mm,works on paper/canvas,mixed media ,,   ,T_55_029.jpg,4209,4209,publish
catalogo,14210,T 55 031,Senza titolo / (Untitled),1955,pastel and burn marks on paper,305 x 440 mm,works on paper/canvas,mixed media,,"  "" ",T_55_031.jpg,4210,4210,publish
catalogo,14211,T 55 034,Senza titolo / (Untitled),1955,tempera on paper,660 x 400 mm,works on paper/canvas,mixed media,,,T_55_034.jpg,4211,4211,publish
catalogo,14213,T 56 002,Senza titolo / (Untitled),1956,tempera and charcoal on cardboard,470 x 700 mm,works on paper/canvas,mixed media,,,T_56_002.jpg,4213,4213,publish
catalogo,14214,T 56 003,Senza titolo / (Untitled),1956,tempera and pastel on cardboard,700 x 460 mm,works on paper/canvas,mixed media,,,T_56_003.jpg,4214,4214,publish
catalogo,14215,T 56 004,Senza titolo / (Untitled),1956,tempera and pastel on cardboard,470 x 690 mm,works on paper/canvas,mixed media,,,T_56_004.jpg,4215,4215,publish
catalogo,14216,T 56 005,Senza titolo / (Untitled),1956,mixed media on paper,475 x 660 mm,works on paper/canvas,mixed media,,,T_56_005.jpg,4216,4216,publish
catalogo,14217,T 56 006,Senza titolo / (Untitled),1956,"burn marks, tempera and pastel on paper ",475 x 660 mm,works on paper/canvas,mixed media,,,T_56_006.jpg,4217,4217,publish
catalogo,14226,T 56 025,Senza titolo / (Untitled),1956,"tempera, pastel and pencil on cardboard",700 x 500 mm,works on paper/canvas,mixed media,,,T_56_025.jpg,4226,4226,publish
catalogo,14227,T 56 026,Senza titolo / (Untitled),1956,tempera and pastel on paper,700 x 500 mm,works on paper/canvas,mixed media,,,T_56_026.jpg,4227,4227,publish
catalogo,14228,T 56 027,Senza titolo / (Untitled),1956,tempera on cardboard,500 x 700 mm,works on paper/canvas,mixed media,,,T_56_027.jpg,4228,4228,publish
catalogo,14229,T 56 028,Veritable Novel of my Hearth,1956,tempera on cardboard,480 x 700 mm,works on paper/canvas,mixed media,,,T_56_028.jpg,4229,4229,publish
catalogo,14230,T 56 029,Ricordi di paure / (Memories of Fears),1956,tempera and wax crayon on cardboard  ,690 x 470 mm,works on paper/canvas,mixed media,,,T_56_029.jpg,4230,4230,publish
catalogo,14269,DIS 59 002,Disegno / (Drawing),1959,pencil on cardboard,347 x 259 mm,works on paper/canvas,drawings,, ,DIS_59_002.jpg,4269,4269,publish
catalogo,14574,T 56 050,Tre personaggi / (Three Characters),1956,tempera and pastel on cardboard,484 x 337 mm,works on paper/canvas,mixed media,,,T_56_050.jpg,4574,4574,publish
catalogo,14967,BE 160,Cavallino / (Little Horse),circa 1955,glazed ceramic,"26,5 x 14 x 6,5 cm",ceramics,animals,,,BE_160.jpg,4967,4967,publish
catalogo,14968,BE 161,Cavallino / (Little Horse),circa 1955,glazed polychrome ceramic,"25,5 x 13,5 x 7 cm",ceramics,animals,,,BE_161.jpg,4968,4968,publish
catalogo,14969,BE 162,Gallo / (Rooster),circa 1955,glazed polychrome ceramic,"24 x 12,5 x 10 cm",ceramics,animals,,,BE_162.jpg,4969,4969,publish
catalogo,15225,1954 15,Kore ,circa 1954,terracotta,"42 x Ø 8,5 cm",Sculptures,,,,1954_15.jpg,5225,5225,publish
catalogo,15250,DIS 34 020,Disegno / (Drawing),circa 1934,pencil on paper ,278 x 195 mm,works on paper/canvas,drawings,,,DIS_34_020.jpg,5250,5250,publish
catalogo,15253,DIS 34 021,Disegno / (Drawing),1934,pencil on paper ,247 x 174 mm,works on paper/canvas,drawings,,"   "" "" ",DIS_34_021.jpg,5253,5253,publish
catalogo,15308,T 56 049,Il Macbeth / (Macbeth II),1956,"burn marks, conté pencil and tempera on paper",250 x 333 mm,works on paper/canvas,mixed media,, ,T_56_049.jpg,5308,5308,publish
catalogo,15309,T 56 048,I viaggi / (The Journeys) ,1956,tempera and burn marks on paper,325 x 250 mm,works on paper/canvas,mixed media,,,T_56_048.jpg,5309,5309,publish
catalogo,15313,T 55 060,La città deserta / (The Desolate City),circa 1955,"tempera, pastel, burn marks and collage on paper",478 x 655 mm,works on paper/canvas,mixed media,, ,T_55_060.jpg,5313,5313,publish
catalogo,15658,T 56 040,Senza titolo / (Untitled),1956,"burn marks, tempera and pastel on paper",500 x 700 mm,works on paper/canvas,mixed media,, ,T_56_040.jpg,5658,5658,publish
catalogo,15671,T 55 056,Senza titolo / (Untitled),1955,"tempera, pastel and pencil on paper ",497 x 700 mm,works on paper/canvas,mixed media,, ,T_55_056.jpg,5671,5671,publish
catalogo,15672,T 56 045,Senza titolo / (Untitled),1956,tempera and pastel on paper,503 x 700 mm,works on paper/canvas,mixed media,, ,T_56_045.jpg,5672,5672,publish
catalogo,15676,VA 390,Vaso brocca / (Pitcher Vase) ,circa 1955,glazed polychrome ceramic,49 x 28 x 14 cm,ceramics,vases,pitcher vase,,VA_390.jpg,5676,5676,publish
catalogo,15733,T 55 062,Senza titolo / (Untitled),circa 1955,"tempera, burn marks and pastel on cardboard ",500 x 350 mm,works on paper/canvas,mixed media,,"        "" "" "" "" "" "" "" ",T_55_062.jpg,5733,5733,publish
catalogo,15734,T 55 063,Senza titolo / (Untitled),circa 1955,"tempera, burn marks and pastel on cardboard ",500 x 350 mm,works on paper/canvas,mixed media,,"        "" "" "" "" "" "" "" ",T_55_063.jpg,5734,5734,publish
catalogo,15738,T 53 028,Senza titolo / (Untitled),1953,"tempera, pastel and pencil on paper ",500 x 700 mm,works on paper/canvas,mixed media,,,T_53_028.jpg,5738,5738,publish
catalogo,15741,T 56 055,Senza titolo / (Untitled),1956,"india ink, pastel and tempera on paper ",353 x 500 mm,works on paper/canvas,mixed media,, ,T_56_055.jpg,5741,5741,publish
catalogo,15742,T 56 043,Senza titolo / (Untitled),1956,pastel and burn marks on paper ,350 x 500 mm,works on paper/canvas,mixed media,,,T_56_043.jpg,5742,5742,publish
catalogo,15743,T 53 038,Alfabeto / (Alphabet),circa 1953,"pastel, tempera, charcoal and burn marks on cardboard",350 x 500 mm,works on paper/canvas,mixed media,, ,T_53_038.jpg,5743,5743,publish
catalogo,15747,T 56 042,Senza titolo / (Untitled),1956,"tempera, pastel and burn marks on paper ",348 x 500 mm,works on paper/canvas,mixed media,,,T_56_042.jpg,5747,5747,publish
catalogo,15748,T 56 044,Senza titolo / (Untitled),1956,"tempera, pastel and burn marks on paper",340 x 482 mm,works on paper/canvas,mixed media,,,T_56_044.jpg,5748,5748,publish
catalogo,15750,T 55 059,Senza titolo / (Untitled),1955,"tempera, pastel and burn marks on paper",326 x 247 mm,works on paper/canvas,mixed media,,,T_55_059.jpg,5750,5750,publish
catalogo,15788,PT 096,Piatto / (Plate),circa 1955,glazed polychrome ceramic,"6 x Ø 27,5 cm",ceramics,plates,,   ,PT_096.jpg,5788,5788,publish
catalogo,15789,PT 097,Piatto / (Plate),circa 1955,glazed polychrome ceramic,"8,5 x Ø 27 cm",ceramics,plates,, ,PT_097.jpg,5789,5789,publish
catalogo,15813,1954 16,Kore ,circa 1954,terracotta,"h. 22,3 cm, 5 x 4,2 cm",Sculptures,,,    ,1954_16.jpg,5813,5813,publish
catalogo,15825,T 55 066,Senza titolo / (Untitled),circa 1955,"mixed media, pastel, pencil and burn marks on paper ",249 x 333 mm,works on paper/canvas,mixed media,, ,T_55_066.jpg,5825,5825,publish
catalogo,15827,T 54 040,Senza titolo / (Untitled),circa 1954,"pastel, charcoal, tempera and burn marks on paper ",348 x 250 mm,works on paper/canvas,mixed media,, ,T_54_040.jpg,5827,5827,publish
catalogo,15833,T 52 025,Senza titolo / (Untitled),circa 1952,"tempera, burn marks and pencil on paper  ",250 x 320 mm,works on paper/canvas,mixed media,, ,T_52_025.jpg,5833,5833,publish
catalogo,15834,T 52 026,Senza titolo / (Untitled),circa 1952,"charcoal, pastel, ink and burn marks on paper ",250 x 325 mm,works on paper/canvas,mixed media,, ,T_52_026.jpg,5834,5834,publish
catalogo,15837,T 52 027,Senza titolo / (Untitled),circa 1952,"charcoal, pastel and burn marks on paper",250 x 335 mm,works on paper/canvas,mixed media,, ,T_52_027.jpg,5837,5837,publish
catalogo,15838,T 53 032,Senza titolo / (Untitled),circa 1953,"tempera, india ink, pencil and burn marks on paper  ",245 x 330 mm,works on paper/canvas,mixed media,, ,T_53_032.jpg,5838,5838,publish
catalogo,15840,T 53 031,Senza titolo / (Untitled),circa 1953,"tempera, pastel and burn marks on paper ",250 x 355 mm,works on paper/canvas,mixed media,, ,T_53_031.jpg,5840,5840,publish
catalogo,15868,T 55 065,Senza titolo / (Untitled),circa 1955,tempera and burn marks on paper,335 x 335 mm,works on paper/canvas,mixed media,, ,T_55_065.jpg,5868,5868,publish
catalogo,15892,T 56 056,Senza titolo / (Untitled),circa 1956,"tempera, wax crayon and burn marks on paper",245 x 355 mm,works on paper/canvas,mixed media,,  ,T_56_056.jpg,5892,5892,publish
catalogo,15920,1954 5B,Senza titolo / (Untitled),circa 1954,plaster and mixed media,54 x 75 cm,bas reliefs,plaster / others,, ,1954_5B.jpg,5920,5920,publish
catalogo,15934,T 50 009,Senza titolo / (Untitled),circa 1950,"watercolour, tempera, polychrome pastel and collage on paper mounted on canvas",697 x 996 mm,works on paper/canvas,mixed media,,"  "" ",T_50_009.jpg,5934,5934,publish
catalogo,15957,DIS 32 011,Disegno / (Drawing) ,1932,pencil on tissue paper,300 x 210 mm,works on paper/canvas,drawings,, ,DIS_32_011.jpg,5957,5957,publish
catalogo,15969,DIS 34 018,Disegno - Progetto per scultura / (Drawing - Project for Sculpture),1934,pencil on paper,290 x 227 mm,works on paper/canvas,drawings,,"  "" ",DIS_34_018.jpg,5969,5969,publish
catalogo,16067,VA 468,Vaso / (Vase),circa 1955,glazed polychrome ceramic,31 x 15 cm,ceramics,vases,bull vase, ,VA_468.jpg,6067,6067,publish
catalogo,16124,DIS 42 003 / 003-1,Disegno - Illustrazione per un racconto / (Drawing - Illustration for a Story),circa 1942,pencil and charcoal on paper (recto and verso),334 x 240 mm,works on paper/canvas,drawings,,      ,DIS_42_003_/_003-1.jpg,6124,6124,publish
catalogo,16190,DIS 31 002,Disegno / (Drawing),1931,pencil on paper,296 x 209 mm,works on paper/canvas,drawings,,,DIS_31_002.jpg,6190,6190,publish
catalogo,16191,DIS 31 003,Disegno / (Drawing),1931,pencil on paper,,works on paper/canvas,drawings,,,DIS_31_003.jpg,6191,6191,publish
catalogo,16222,DIS 47 008,Disegno / (Drawing),1947,charcoal on paper,222 x 253 mm,works on paper/canvas,drawings,,,DIS_47_008.jpg,6222,6222,publish
catalogo,16529,DIS 48 001,Disegno / (Drawing),1948 ,pencil and india ink on paper,398 x 297 mm,works on paper/canvas,drawings,,,DIS_48_001.jpg,6529,6529,publish
catalogo,16568,DIS 55 001,Disegno / (Drawing),1955,pastel and pencil on paper,300 x 400 mm,works on paper/canvas,drawings,,,DIS_55_001.jpg,6568,6568,publish
catalogo,16569,DIS 55 002,Disegno / (Drawing),1955,pencil on paper,300 x 400 mm,works on paper/canvas,drawings,,,DIS_55_002.jpg,6569,6569,publish
catalogo,16570,DIS 55 003,Disegno / (Drawing),1955,pencil on paper,300 x 400 mm,works on paper/canvas,drawings,,,DIS_55_003.jpg,6570,6570,publish
catalogo,16571,DIS 55 004,Disegno / (Drawing),1955,carchoal and pencil on paper,300 x 400 mm,works on paper/canvas,drawings,,,DIS_55_004.jpg,6571,6571,publish
catalogo,16572,DIS 55 005,Euridice / (Eurydice),1955,"blue ink, black ballpoint pen and pencil on paper",389 x 299 mm,works on paper/canvas,drawings,,,DIS_55_005.jpg,6572,6572,publish
catalogo,16573,DIS 55 006,Euridice / (Eurydice),1955,pencil on paper,370 x 297 mm,works on paper/canvas,drawings,,,DIS_55_006.jpg,6573,6573,publish
catalogo,16574,DIS 55 007,Disegno / (Drawing),1955,carchoal and pencil on paper,385 x 300 mm,works on paper/canvas,drawings,,,DIS_55_007.jpg,6574,6574,publish
catalogo,16575,DIS 55 008,Disegno / (Drawing),1955,india ink and pencil on paper,384 x 300 mm,works on paper/canvas,drawings,,,DIS_55_008.jpg,6575,6575,publish
catalogo,16576,DIS 55 009,Disegno / (Drawing),1955,pencil on paper,300 x 400 mm,works on paper/canvas,drawings,,,DIS_55_009.jpg,6576,6576,publish
catalogo,16577,DIS 55 010,Disegno / (Drawing),1955,pastel and pencil on paper,300 x 400 mm,works on paper/canvas,drawings,,,DIS_55_010.jpg,6577,6577,publish
catalogo,16578,DIS 55 011,Disegno / (Drawing),1955,pastel and pencil on paper,300 x 400 mm,works on paper/canvas,drawings,,,DIS_55_011.jpg,6578,6578,publish
catalogo,16579,DIS 55 012,Disegno / (Drawing),1955,pencil on paper,300 x 400 mm,works on paper/canvas,drawings,,,DIS_55_012.jpg,6579,6579,publish
catalogo,16580,DIS 55 013,Disegno / (Drawing),1955,pen and charcoal on paper,300 x 400 mm,works on paper/canvas,drawings,,,DIS_55_013.jpg,6580,6580,publish
catalogo,16581,DIS 55 014,Disegno / (Drawing),1955,pastel and pen on paper,two overlapping papers: 398 x 298 mm (each),works on paper/canvas,drawings,,,DIS_55_014.jpg,6581,6581,publish
catalogo,16582,DIS 55 015,Disegno / (Drawing),1955,pencil on paper,300 x 400 mm,works on paper/canvas,drawings,,,DIS_55_015.jpg,6582,6582,publish
catalogo,16583,DIS 55 016,Disegno / (Drawing),1955,pencil on paper,300 x 400 mm,works on paper/canvas,drawings,,,DIS_55_016.jpg,6583,6583,publish
catalogo,16728,DIS 47 011,Disegno / (Drawing),circa 1947,pencil on paper,277 x 213 mm,works on paper/canvas,drawings,,,DIS_47_011.jpg,6728,6728,publish
catalogo,16729,DIS 47 012,Disegno / (Drawing),circa 1947,pencil on paper,319 x 220 mm,works on paper/canvas,drawings,,,DIS_47_012.jpg,6729,6729,publish
catalogo,16730,DIS 47 013,Disegno / (Drawing),circa 1947,pencil and pen on paper,310 x 420 mm,works on paper/canvas,drawings,,,DIS_47_013.jpg,6730,6730,publish
catalogo,16752,DIS 50 008,Disegno / (Drawing),circa 1950,blue ink and india ink on paper ,292 x 210 mm,works on paper/canvas,drawings,,,DIS_50_008.jpg,6752,6752,publish
catalogo,16753,DIS 50 009,Disegno / (Drawing),circa 1950,pastel and pen on yellow paper,400 x 286 mm,works on paper/canvas,drawings,,,DIS_50_009.jpg,6753,6753,publish
catalogo,16754,DIS 50 010,Disegno / (Drawing),circa 1950,pen on paper,310 x 420 mm,works on paper/canvas,drawings,,,DIS_50_010.jpg,6754,6754,publish
catalogo,16795,T 50 011,Senza titolo / (Untitled),circa 1950,"pastel, charcoal and sanguine pencil on cardboard ",500 x 700 mm,works on paper/canvas,mixed media,,,T_50_011.jpg,6795,6795,publish
catalogo,16796,T 50 012,Senza titolo / (Untitled),circa 1950,"pastel, sanguine pencil and charcoal on cardboard",500 x 536 mm,works on paper/canvas,mixed media,,,T_50_012.jpg,6796,6796,publish
catalogo,16797,T 50 013,Senza titolo / (Untitled),circa 1950,pastel and sanguine pencil on cardboard,500 x 700 mm,works on paper/canvas,mixed media,,,T_50_013.jpg,6797,6797,publish
catalogo,16798,T 50 014,Senza titolo / (Untitled),circa 1950,pencil and india ink on paper,423 x 662 mm,works on paper/canvas,mixed media,,,T_50_014.jpg,6798,6798,publish
catalogo,16799,T 50 015,Senza titolo / (Untitled),circa 1950,"pencil, pastel and red watercolour on grey cardboard ",500 x 695 mm,works on paper/canvas,mixed media,,,T_50_015.jpg,6799,6799,publish
catalogo,16817,T 52 015,Senza titolo / (Untitled),circa 1952,"tempera, pastel, burn marks and india ink on paper  ",252 x 335 mm,works on paper/canvas,mixed media,,,T_52_015.jpg,6817,6817,publish
catalogo,16914,T 52 009,Senza titolo / (Untitled),1952,tempera and burn marks on paper mounted on canvas,472 x 692 mm,works on paper/canvas,mixed media,,,T_52_009.jpg,6914,6914,publish
catalogo,16925,T 53 033,Senza titolo / (Untitled),1953,tempera and burn marks on paper mounted on canvas,500 x 700 mm,works on paper/canvas,mixed media,,,T_53_033.jpg,6925,6925,publish
catalogo,16973,T 54 031,Senza titolo / (Untitled),1954,"tempera, pastel and burn marks on paper",500 x 700 mm,works on paper/canvas,mixed media,,,T_54_031.jpg,6973,6973,publish
catalogo,16997,T 50 017,Senza titolo / (Untitled),circa 1950,"conté pencil, tempera and pastel on cardoard ",500 x 355 mm,works on paper/canvas,mixed media,,,T_50_017.jpg,6997,6997,publish
catalogo,16998,T 50 018,Senza titolo / (Untitled),circa 1950,pastel on carboard ,376 x 497 mm,works on paper/canvas,mixed media,,,T_50_018.jpg,6998,6998,publish
catalogo,17000,T 52 028,Senza titolo / (Untitled),circa 1952,"tempera, pastel and burn marks on paper ",330 x 500 mm,works on paper/canvas,mixed media,,,T_52_028.jpg,7000,7000,publish
catalogo,17002,T 54 038,Senza titolo / (Untitled),circa 1954,tempera and pastel on paper ,350 x 500 mm,works on paper/canvas,mixed media,,,T_54_038.jpg,7002,7002,publish
catalogo,17005,T 55 038,Senza titolo / (Untitled),circa 1955,tempera and pencil on paper,660 x 430 mm,works on paper/canvas,mixed media,,,T_55_038.jpg,7005,7005,publish
catalogo,17006,T 56 033,Senza titolo / (Untitled),circa 1956,pastel and tempera on cardboard,485 x 703 mm,works on paper/canvas,mixed media,,,T_56_033.jpg,7006,7006,publish
catalogo,17007,T 56 034,Senza titolo / (Untitled),circa 1956,"tempera, charcoal, pastel, pencil and collage on cardboard",499 x 699 mm,works on paper/canvas,mixed media,,,T_56_034.jpg,7007,7007,publish
catalogo,17123,T 50 019,Senza titolo / (Untitled),circa 1950,tempera and pastel on paper ,,works on paper/canvas,mixed media,,,T_50_019.jpg,7123,7123,publish
catalogo,17201,T 54 027,La zingara e il soldato / (The Gypsy and the Soldier) ,1954,tempera and pencil on paper,480 x 330 mm,works on paper/canvas,mixed media,,,T_54_027.jpg,7201,7201,publish
catalogo,17263,T 55 070,Senza titolo / (Untitled),circa 1955,tempera and burnt paper mounted on canvas,700 x 1000 mm,works on paper/canvas,mixed media ,,,T_55_070.jpg,7263,7263,publish
catalogo,17308,T 55 042,Senza titolo / (Untitled),circa 1955,mixed media on paper,540 x 760 mm,works on paper/canvas,mixed media ,,,T_55_042.jpg,7308,7308,publish
catalogo,17309,T 55 043,Senza titolo / (Untitled),circa 1955,tempera and burn marks on paper,240 x 320 mm,works on paper/canvas,mixed media ,,,T_55_043.jpg,7309,7309,publish
catalogo,17310,T 55 044,Senza titolo / (Untitled),circa 1955,"tempera, pastel and burn marks on paper ",240 x 320 mm,works on paper/canvas,mixed media ,,,T_55_044.jpg,7310,7310,publish
catalogo,17324,BE 136,Gallo / (Rooster) ,circa 1955,glazed polychrome ceramic,h. 25 cm ,ceramics,animals,,,BE_136.jpg,7324,7324,publish
catalogo,17327,VA 402,Vaso / (Vase),circa 1955,glazed polychrome ceramic,h. 65 x 17 x 15 cm,ceramics,vases,two eggs and two cones vase,,VA_402.jpg,7327,7327,publish
catalogo,17449,T 52 030,Senza titolo / (Untitled),1952,"tempera, burn marks and collage on paper mounted on canvas",700 x 1000 mm,works on paper/canvas,mixed media,,,T_52_030.jpg,7449,7449,publish
catalogo,17457,T 50 021,Senza titolo / (Untitled),circa 1950,tempera and pastel on paper mounted on canvas,700 x 1000 mm,works on paper/canvas,mixed media,,,T_50_021.jpg,7457,7457,publish
catalogo,17460,T 55 071,Senza titolo / (Untitled),circa 1955,"tempera, burn marks and burnt collage on paper mounted on canvas",700 x 1000 mm,works on paper/canvas,mixed media,,,T_55_071.jpg,7460,7460,publish
catalogo,17461,T 55 072,Senza titolo / (Untitled),circa 1955,tempera and pastel on paper mounted on canvas,700 x 1000 mm,works on paper/canvas,mixed media,,,T_55_072.jpg,7461,7461,publish
catalogo,17462,T 55 073,Senza titolo / (Untitled),circa 1955,tempera and pastel on paper mounted on canvas,700 x 1000 mm,works on paper/canvas,mixed media,,,T_55_073.jpg,7462,7462,publish
catalogo,17463,T 50 022,Senza titolo / (Untitled),circa 1950,"watercolour, pastel and pencil on paper mounted on canvas",700 x 1000 mm,works on paper/canvas,mixed media,,,T_50_022.jpg,7463,7463,publish
catalogo,17464,T 50 023,Senza titolo / (Untitled),circa 1950,"tempera, india ink and pastel on paper mounted on canvas",700 x 1000 mm,works on paper/canvas,mixed media,,,T_50_023.jpg,7464,7464,publish
catalogo,17465,T 50 024,Senza titolo / (Untitled),circa 1950,tempera and polychrome pastel on paper mounted on canvas,700 x 1000 mm,works on paper/canvas,mixed media,,,T_50_024.jpg,7465,7465,publish
catalogo,17466,T 52 031,Senza titolo / (Untitled),1952,tempera and burn marks on paper mounted on canvas,700 x 1000 mm,works on paper/canvas,mixed media,,,T_52_031.jpg,7466,7466,publish
catalogo,17467,T 52 032,Senza titolo / (Untitled),1952,"tempera, burn marks and pencil on paper mounted on canvas",700 x 1000 mm,works on paper/canvas,mixed media,,,T_52_032.jpg,7467,7467,publish
catalogo,17468,T 52 033,Senza titolo / (Untitled),1952,tempera and chalk on paper mounted on canvas,700 x 1000 mm,works on paper/canvas,mixed media,,,T_52_033.jpg,7468,7468,publish
catalogo,17469,T 53 039,Senza titolo / (Untitled),circa 1953,tempera and burning on paper mounted on canvas,700 x 1000 mm,works on paper/canvas,mixed media,,,T_53_039.jpg,7469,7469,publish
catalogo,17470,T 53 040,Senza titolo / (Untitled),1953,tempera and burning on paper mounted on canvas,700 x 1000 mm,works on paper/canvas,mixed media,,,T_53_040.jpg,7470,7470,publish
catalogo,17471,T 53 041,Senza titolo / (Untitled),circa 1953,tempera and pastel on paper mounted on canvas,700 x 1000 mm,works on paper/canvas,mixed media,,,T_53_041.jpg,7471,7471,publish
catalogo,17472,T 53 042,Senza titolo / (Untitled),1953,"tempera, burn marks and collage on paper mounted on canvas",700 x 1000 mm,works on paper/canvas,mixed media,,,T_53_042.jpg,7472,7472,publish
catalogo,17473,T 53 043,Senza titolo / (Untitled),1953,tempera on canvas paper ,700 x 1000 mm,works on paper/canvas,mixed media,,,T_53_043.jpg,7473,7473,publish
catalogo,17474,T 55 075,Senza titolo / (Untitled),1955,tempera on paper mounted on canvas,700 x 1000 mm,works on paper/canvas,mixed media,,,T_55_075.jpg,7474,7474,publish
catalogo,17475,T 55 074,Senza titolo / (Untitled),circa 1955,tempera and pastel on paper mounted on canvas,700 x 1000 mm,works on paper/canvas,mixed media,,,T_55_074.jpg,7475,7475,publish
catalogo,17476,T 50 026,Senza titolo / (Untitled),circa 1950,tempera on paper mounted on canvas,700 x 1000 mm,works on paper/canvas,mixed media,,,T_50_026.jpg,7476,7476,publish
catalogo,17477,T 52 034,Senza titolo / (Untitled),1952,"tempera, burn marks and pastel on paper mounted on canvas",700 x 1000 mm,works on paper/canvas,mixed media,,,T_52_034.jpg,7477,7477,publish
catalogo,17478,T 50 025,Senza titolo / (Untitled),circa 1950,tempera and burned collage on paper mounted on canvas,700 x 1000 mm,works on paper/canvas,mixed media,,,T_50_025.jpg,7478,7478,publish
catalogo,17502,T 53 044,Senza titolo / (Untitled),circa 1953,tempera and pastel on paper,325 x 495 mm,works on paper/canvas,mixed media,,,T_53_044.jpg,7502,7502,publish
catalogo,17504,T 50 028,Senza titolo / (Untitled),circa 1950,"polychrome watercolour, polychrome wax crayon and burnt collage on paper",350 x 500 mm,works on paper/canvas,mixed media,,,T_50_028.jpg,7504,7504,publish
catalogo,17505,T 54 043,Senza titolo / (Untitled),circa 1954,tempera and pastel on paper,332 x 500 mm,works on paper/canvas,mixed media,,,T_54_043.jpg,7505,7505,publish
catalogo,17506,T 55 076,Senza titolo / (Untitled),circa 1955,tempera and pastel on paper,350 x 500 mm,works on paper/canvas,mixed media,,,T_55_076.jpg,7506,7506,publish
catalogo,17509,T 55 077,Senza titolo / (Untitled),circa 1955,tempera and pastel on paper,476 x 700 mm,works on paper/canvas,mixed media,,,T_55_077.jpg,7509,7509,publish
catalogo,17510,T 55 078,Le nostre inutili chiacchiere / (Our Useless Chatter),circa 1955,tempera and pastel on paper,305 x 500 mm,works on paper/canvas,mixed media,,,T_55_078.jpg,7510,7510,publish
catalogo,17511,T 54 047,Senza titolo / (Untitled),circa 1954,"tempera, pastel and burn marks on paper ",500 x 700 mm,works on paper/canvas,mixed media,,,T_54_047.jpg,7511,7511,publish
catalogo,17512,T 55 079,Senza titolo / (Untitled),circa 1955,"tempera, pastel and burn marks on paper  ",346 x 497 mm,works on paper/canvas,mixed media,,,T_55_079.jpg,7512,7512,publish
catalogo,17514,T 53 045,Senza titolo / (Untitled),circa 1953,tempera and pastel on paper,325 x 495 mm,works on paper/canvas,mixed media,,,T_53_045.jpg,7514,7514,publish
catalogo,17515,T 52 037,Senza titolo / (Untitled),circa 1952,tempera and wax crayon on paper ,350 x 500 mm,works on paper/canvas,mixed media,,,T_52_037.jpg,7515,7515,publish
catalogo,17516,T 52 035,Senza titolo / (Untitled),circa 1952,tempera and pastel on paper,350 x 500 mm,works on paper/canvas,mixed media,,,T_52_035.jpg,7516,7516,publish
catalogo,17519,T 54 044,Senza titolo / (Untitled),circa 1954,"pastel, tempera and conté pencil on paper",475 x 700 mm,works on paper/canvas,mixed media,,,T_54_044.jpg,7519,7519,publish
catalogo,17520,T 55 080,Senza titolo / (Untitled),circa 1955,tempera and pastel on paper,475 x 700 mm,works on paper/canvas,mixed media,,,T_55_080.jpg,7520,7520,publish
catalogo,17521,T 55 081,Senza titolo / (Untitled),circa 1955,tempera and pastel on paper,473 x 695 mm,works on paper/canvas,mixed media,,,T_55_081.jpg,7521,7521,publish
catalogo,17522,T 54 046,Senza titolo / (Untitled),circa 1954,"tempera, pastel and burn marks on paper ",496 x 697 mm,works on paper/canvas,mixed media,,,T_54_046.jpg,7522,7522,publish
catalogo,17524,T 55 082,Senza titolo / (Untitled),circa 1955,"tempera, pastel and burn marks on paper ",350 x 495 mm,works on paper/canvas,mixed media,,,T_55_082.jpg,7524,7524,publish
catalogo,17525,T 54 045,Senza titolo / (Untitled),circa 1954,"tempera, pastel and charcoal on paper",250 x 331 mm,works on paper/canvas,mixed media,,,T_54_045.jpg,7525,7525,publish
catalogo,17526,T 55 083,Senza titolo / (Untitled),circa 1955,"tempera, pastel and burn marks on paper ",345 x 495 mm,works on paper/canvas,mixed media,,,T_55_083.jpg,7526,7526,publish
catalogo,17527,T 55 084,Senza titolo / (Untitled),circa 1955,"tempera, pastel and burn marks on paper ",350 x 250 mm,works on paper/canvas,mixed media,,,T_55_084.jpg,7527,7527,publish
catalogo,17528,T 53 046,Senza titolo / (Untitled),circa 1953,tempera and burn marks on paper mounted on canvas,695 x 995 mm,works on paper/canvas,mixed media,,,T_53_046.jpg,7528,7528,publish
catalogo,17529,T 52 036,Senza titolo / (Untitled),circa 1952,"tempera, pastel, india ink and burnt collage on paper",475 x 700 mm,works on paper/canvas,mixed media,,,T_52_036.jpg,7529,7529,publish
catalogo,17530,T 50 029,Senza titolo / (Untitled),circa 1950,"tempera, pastel and burnt collage on paper",470 x 695 mm,works on paper/canvas,mixed media,,,T_50_029.jpg,7530,7530,publish
catalogo,17531,T 50 030,Senza titolo / (Untitled),circa 1950,tempera on canvas paper,695 x 995 mm,works on paper/canvas,mixed media,,,T_50_030.jpg,7531,7531,publish
catalogo,17532,T 50 031,Senza titolo / (Untitled),circa 1950,tempera and pastel on paper,690 x 900 mm,works on paper/canvas,mixed media,,,T_50_031.jpg,7532,7532,publish
catalogo,17566,T 50 032,Senza titolo / (Untitled),circa 1950,tempera and burned collage on paper,700 x 1000 mm,works on paper/canvas,mixed media,,,T_50_032.jpg,7566,7566,publish
catalogo,17567,T 50 033,Senza titolo / (Untitled),circa 1950,tempera and burned collage on paper,700 x 1000 mm,works on paper/canvas,mixed media,,,T_50_033.jpg,7567,7567,publish
catalogo,17737,T 55 085,Senza titolo / (Untitled),1955,tempera and color pastel on ivory cardboard ,250 x 353 mm,works on paper/canvas,mixed media,,,T_55_085.jpg,7737,7737,publish
catalogo,17738,T 55 086,Senza titolo / (Untitled),1955,tempera and pastel on ivory paper,350 x 500 mm,works on paper/canvas,mixed media,,,T_55_086.jpg,7738,7738,publish
catalogo,17906,T 46 004,Senza titolo / (Untitled),circa 1946,oil on wood,"20 x 14,7 cm",works on paper/canvas,paintings,,,T_46_004.jpg,7906,7906,publish
catalogo,18053,1959-1960 17,Senza titolo / (Untitled),1959-1960,brass and glazed ceramic,34 x 15 x 13 cm,Sculptures,,,,1959-1960_17.jpg,8053,8053,publish
catalogo,18059,T 51 015,Senza titolo / (Untitled),circa 1951,pastel and watercolor on paper ,330 x 490 mm,works on paper/canvas,mixed media,,,T_51_015.jpg,8059,8059,publish
catalogo,18106,1959 19B,Senza titolo / (Untitled),circa 1959,glazed polychrome ceramic,90 x 90 x 14 cm,bas reliefs,ceramic,,,1959_19B.jpg,8106,8106,publish
catalogo,18126,1954 17,Kore ,circa 1954,glazed polychrome ceramic,100 x 18 x 26 cm,Sculptures,,,,1954_17.jpg,8126,8126,publish
catalogo,18183,1959-1960 18 ,Senza titolo (Catenelle) / Untitled (Little Chains),1959-1960,brass and glazed ceramic,h. 36 cm,Sculptures,,,,1959-1960_18_.jpg,8183,8183,publish
catalogo,18230,C 16a,Figura / (Figure),circa 1950,glazed ceramic,45 x 20 cm,ceramics,others,,,C_16a.jpg,8230,8230,publish
catalogo,18231,C 16b,Figura / (Figure),circa 1950,glazed ceramic,"44,5 x 14 cm",ceramics,others,,,C_16b.jpg,8231,8231,publish
catalogo,18235,1959 14,Il carro dei rabdomanti / (The Cart of Water Diviners),circa 1959,brass,"33 x 23,5 x 12 cm",Sculptures,,,,1959_14.jpg,8235,8235,publish
catalogo,18279,ONU 065,Bambini / (Children),circa 1955,glazed polychrome ceramic,15 x 9 x 9 cm,ceramics,Onu,,,ONU_065.jpg,8279,8279,publish
catalogo,18344,CT 371,Coppetta / (Bowl),circa 1955,glazed polychrome ceramic,6 x Ø 14 cm,ceramics,bowls,,,CT_371.jpg,8344,8344,publish
catalogo,18353,CT 379 ,Coppetta / (Bowl),circa 1955,glazed polychrome ceramic,"6,5 x Ø 13 cm",ceramics,bowls,,,CT_379_.jpg,8353,8353,publish
catalogo,18355,CT 381,Coppetta / (Bowl),circa 1955,glazed polychrome ceramic,"6 x Ø 14,5 cm",ceramics,bowls,,,CT_381.jpg,8355,8355,publish
catalogo,18358,CT 384,Coppetta / (Bowl),circa 1955,glazed polychrome ceramic,"6 x Ø 13,5 cm",ceramics,bowls,,,CT_384.jpg,8358,8358,publish
catalogo,18359,CT 385,Coppetta / (Bowl),circa 1955,glazed polychrome ceramic,6 x Ø 14 cm,ceramics,bowls,,,CT_385.jpg,8359,8359,publish
catalogo,18371,CT 395,Coppetta / (Bowl),circa 1955,glazed polychrome ceramic,"6 x Ø 14,5 cm",ceramics,bowls,,,CT_395.jpg,8371,8371,publish
catalogo,18377,CT 401,Coppetta / (Bowl),circa 1955,glazed polychrome ceramic,"6,5 x Ø 15 cm",ceramics,bowls,,,CT_401.jpg,8377,8377,publish
catalogo,18380,CT 404,Coppetta / (Bowl),circa 1955,glazed polychrome ceramic,"6,3 x Ø 14 cm",ceramics,bowls,,,CT_404.jpg,8380,8380,publish
catalogo,18428,KF 024,Servizio da caffè / (Coffee Set),circa 1955,glazed polychrome ceramic,"cups: from 6,9 to Ø 7,4 cm and from 3 to Ø 3,5 cm; saucers: Ø 11,5 cm ",ceramics,coffee and tea set,,,KF_024.jpg,8428,8428,publish
catalogo,18429,CT 437,Coppetta / (Bowl),circa 1955,glazed polychrome ceramic,"6 x Ø 13,5 cm",ceramics,bowls,,,CT_437.jpg,8429,8429,publish
catalogo,18430,CT 438,Coppetta / (Bowl),circa 1955,glazed polychrome ceramic,"6 x Ø 13,5 cm",ceramics,bowls,,,CT_438.jpg,8430,8430,publish
catalogo,18431,CT 439,Coppetta / (Bowl),circa 1955,glazed polychrome ceramic,6 x Ø 14 cm,ceramics,bowls,,,CT_439.jpg,8431,8431,publish
catalogo,18432,CT 440,Coppetta / (Bowl),circa 1955,glazed polychrome ceramic,"6 x Ø 13,5 cm",ceramics,bowls,,,CT_440.jpg,8432,8432,publish
catalogo,18452,1955 20,Senza titolo / (Untitled),circa 1955,glazed polychrome ceramic,63 x 15 x 16 cm,Sculptures,,,,1955_20.jpg,8452,8452,publish
catalogo,18487,VA 439/439-1,Vaso / (Vase),circa 1952,glazed polychrome ceramic,"45,5 x 33 cm",ceramics,vases,umbrella stand vase ,,VA_439/439-1.jpg,8487,8487,publish
catalogo,18494,1959-1960 19,Toro / (Bull),1959-1960,brass,"25 x 12,5 x 7 cm",Sculptures,,,,1959-1960_19.jpg,8494,8494,publish
catalogo,18508,1951-1952 13 /13.1/13.2/13.3,Kore,1951-1952,glazed polychrome ceramic,42 x 15 x 15 cm,Sculptures,,,,1951-1952_13_/13.1/13.2/13.3.jpg,8508,8508,publish
catalogo,18511,CT 462,Coppetta / (Bowl),circa 1955,glazed polychrome ceramic,"h. 6,5 cm",ceramics,bowls,,,CT_462.jpg,8511,8511,publish
catalogo,18512,CT 463,Coppetta / (Bowl),circa 1955,glazed polychrome ceramic,"h. 6,5 cm",ceramics,bowls,,,CT_463.jpg,8512,8512,publish
catalogo,18523,VA 447,Vaso / (Vase),circa 1952,glazed polychrome ceramic,"36,5 x 14,6 cm",ceramics,vases,three egg vase with small and big cone,,VA_447.jpg,8523,8523,publish
catalogo,18532,VA 453,Vaso campanile / (Campanile Vase) ,circa 1955,glazed polychrome ceramic,"63 x 14 x 13,5 cm",ceramics,vases,campanile vase (simple),,VA_453.jpg,8532,8532,publish
catalogo,18535,BE 157,Cavallino / (Little Horse),circa 1952,glazed ceramic,"18,5 x 13 x 5 cm",ceramics,animals,,,BE_157.jpg,8535,8535,publish
catalogo,18536,KF 025,Servizio da caffè / (Coffee Set),circa 1955,glazed polychrome ceramic,"cups: h. 8,5 cm circa; saucers: Ø 12 cm circa ",ceramics,coffee and tea set,,,KF_025.jpg,8536,8536,publish
catalogo,18556,CT 470,Coppetta / (Bowl),circa 1955,glazed polychrome ceramic,"6,5 x Ø 13 cm",ceramics,bowls,,,CT_470.jpg,8556,8556,publish
catalogo,18557,CT 471,Coppetta / (Bowl),circa 1955,glazed polychrome ceramic,"6 x Ø 14,5 cm",ceramics,bowls,,,CT_471.jpg,8557,8557,publish
catalogo,18572,Ocm 7,Campanello / (Bell),circa 1955,glazed polychrome ceramic and brass,"h. 8,5 x Ø 5,5 cm",ceramics,others,,,Ocm_7.jpg,8572,8572,publish
catalogo,18580,KF 026,Tazzina da caffè / (Coffee Cup),circa 1956,glazed polychrome ceramic,"saucer: 2,3 x Ø 11 cm; cup: 6,6 x Ø 3,7 cm",ceramics,coffee and tea set,,,KF_026.jpg,8580,8580,publish
catalogo,18581,KF 027,Tazzina da caffè / (Coffee Cup),1956,glazed polychrome ceramic,"saucer: 2 x Ø 12 cm; cup: 6,5 x Ø 3,7 cm",ceramics,coffee and tea set,,,KF_027.jpg,8581,8581,publish
catalogo,18582,KF 028,Tazzina da caffè / (Coffee Cup),1956,glazed polychrome ceramic,"saucer: 2 x Ø 11,5 cm; cup: 6,2 x Ø 4 cm",ceramics,coffee and tea set,,,KF_028.jpg,8582,8582,publish
catalogo,18583,KF 029,Tazzina da caffè / (Coffee Cup),1956,glazed polychrome ceramic,"saucer: 2 x Ø 11,5 cm; cup: 6,7 x Ø 3,8 cm",ceramics,coffee and tea set,,,KF_029.jpg,8583,8583,publish
catalogo,18584,LA 101,Lampada / (Lamp),1955,glazed polychrome ceramic,"25,5 x Ø 12 cm",ceramics,lamps,,,LA_101.jpg,8584,8584,publish
catalogo,18585,VA 458,Vaso / (Vase),circa 1956,glazed polychrome ceramic,"18,7 x 19 cm",ceramics,vases,cone vase,,VA_458.jpg,8585,8585,publish
catalogo,18588,LA 102,Lampada / (Lamp),1955,glazed polychrome ceramic,h. 26 x Ø 12 cm,ceramics,lamps,,,LA_102.jpg,8588,8588,publish
catalogo,18590,CT 490,Coppetta / (Bowl),circa 1955,glazed polychrome ceramic,"h. 6 x  x Ø 13,5 cm",ceramics,bowls,,,CT_490.jpg,8590,8590,publish
catalogo,18591,CT 491,Coppetta / (Bowl),circa 1955,glazed polychrome ceramic,6 x 13 x 15 cm,ceramics,bowls,,,CT_491.jpg,8591,8591,publish
catalogo,18592,CT 492,Coppetta / (Bowl),circa 1955,glazed polychrome ceramic,"7 x 12 x 14,5 cm",ceramics,bowls,,,CT_492.jpg,8592,8592,publish
catalogo,18593,VA 460,Vaso / (Vase),circa 1956,glazed polychrome ceramic,"h. 54,5 x Ø 17,5 cm",ceramics,vases,cone vase,,VA_460.jpg,8593,8593,publish
catalogo,18610,CT 496,Coppetta / (Bowl),circa 1955,glazed polychrome ceramic,"h. 6 x Ø 14,2 cm",ceramics,bowls,,,CT_496.jpg,8610,8610,publish
catalogo,18682,1957 4,Senza titolo / (Untitled),1957,glazed polychrome ceramic,h. 42 x Ø 14 cm,sculptures,,,,1957_4.jpg,8682,8682,publish
catalogo,18719,CR 031,Cartoccio / (Cartoccio Bowl),circa 1955,glazed polychrome ceramic,15 x 14 cm,ceramics,cartoccio,,,CR_031.jpg,8719,8719,publish
catalogo,18721,T 51 001,Senza titolo / (Untitled),circa 1951,"tempera, burn marks, pastel and pencil on carboard ",500 x 695 mm,works on paper/canvas,mixed media,,,T_51_001.jpg,8721,8721,publish
catalogo,18728,BA 118,Senza titolo / (Untitled),circa 1958,glazed polychrome ceramic,"52,3 x 71,4 cm",bas reliefs,ceramic,,,BA_118.jpg,8728,8728,publish
catalogo,18729,PI 033,Senza titolo / (Untitled),circa 1958,glazed ceramic,"51 x 69,5 cm ",bas reliefs,ceramic,,,PI_033.jpg,8729,8729,publish
catalogo,18742,DIS 59 007,Senza titolo / (Untitled),circa 1959,ink on paper,430 x 340 mm,works on paper/canvas,drawings,,,DIS_59_007.jpg,8742,8742,publish
catalogo,18743,DIS 59 008,Senza titolo / (Untitled),circa 1959,ink on paper,430 x 340 mm,works on paper/canvas,drawings,,,DIS_59_008.jpg,8743,8743,publish
catalogo,18744,ONU 069,Bambini / (Children),circa 1953,glazed ceramic,"8,5 x 10 x 5 cm",ceramics,Onu,,,ONU_069.jpg,8744,8744,publish
catalogo,18747,T 55 089,Senza titolo / (Untitled),circa 1955,tempera and pastel on paper,700 x 1000 mm,works on paper/canvas,mixed media,,,T_55_089.jpg,8747,8747,publish
catalogo,18776,ONU 070,Bambini / (Children),circa 1953,glazed ceramic,16 x 19 cm,ceramics,onu,,,ONU_070.jpg,8776,8776,publish
catalogo,18777,T 51 017,Senza titolo / (Untitled),circa 1951,pastel and tempera on paper,335 x 360 mm,works on paper/canvas,mixed media,,,T_51_017.jpg,8777,8777,publish
catalogo,18779,T 53 027,Senza titolo / (Untitled),circa 1953,mixed media on paper,350 x 495 mm,works on paper/canvas,mixed media,,,T_53_027.jpg,8779,8779,publish
